date,f1,f2,f3,f4,f5,f6,f7,f8
1959-03-01,-0.620617853,-0.14185743,-0.069990445,0.151835153,0.098567424,0.033139077,-0.120658287,-0.032610741
1959-04-01,-0.674949857,-0.100374674,0.001466318,0.044722983,0.167164899,0.217510057,-0.126808414,0.164148212
1959-05-01,-0.414486212,-0.083962266,-0.070103553,0.041988256,0.163554707,0.101364542,-0.061162336,-0.031901063
1959-06-01,-0.179045284,-0.09129651,0.118005886,-0.075062026,0.142334669,0.049206331,-0.028843728,-0.065949401
1959-07-01,0.194666596,-0.181709597,0.13338065,0.05129984,0.232386609,-0.133766903,-0.142190031,-0.304406203
1959-08-01,0.850691323,-0.150770572,0.3062082,0.089481596,0.3999799,-0.338132693,0.031779188,-0.615330561
1959-09-01,-0.013688244,0.014027524,0.230713766,-0.264011239,0.342917295,-0.075441621,0.257266591,-0.01211942
1959-10-01,0.31929385,-0.231803875,0.028872538,0.038985639,0.096083466,-0.08626697,0.033304645,-0.125181692
1959-11-01,0.026271475,-0.162415314,-0.009583385,0.025481468,0.086093961,0.124967554,0.031608974,0.082220785
1959-12-01,-1.394185025,0.052370713,-0.240345711,-0.00586896,-0.013563905,0.204927076,0.178634401,0.468161863
1960-01-01,-0.502422602,0.002254074,-0.372868828,-0.037136571,-0.111791059,0.032837208,0.201790776,0.141787202
1960-02-01,-0.016040646,-0.023233936,0.090830343,0.082865458,0.025624806,0.247075123,-0.006472263,-0.402907169
1960-03-01,0.666079256,0.040572935,0.093006229,0.068748184,-0.185840602,0.010300857,0.400718543,-0.177541386
1960-04-01,-0.2692359,0.045226263,0.133207354,0.081954954,-0.116880558,0.012141,-0.093113324,-0.721606865
1960-05-01,0.473033677,-0.140886239,-0.042223192,-0.155312442,0.11739387,0.020007441,-0.001433435,0.402991622
1960-06-01,0.562823492,0.097768934,0.013957198,0.239445292,-0.133704815,-0.148940206,0.086815122,-0.207184608
1960-07-01,0.352386673,0.067467786,0.048742808,0.029235711,-0.117524812,0.00578221,0.259256277,0.008009241
1960-08-01,0.236896756,0.031072956,0.101069245,0.082837353,-0.053829575,-0.030586933,0.041049187,-0.015526292
1960-09-01,0.269600441,0.05575329,-0.087159336,-0.138266538,-0.002775257,-0.170766982,0.235917174,-0.170979649
1960-10-01,0.363926586,0.248320832,0.075371468,-0.15743304,0.004893845,-0.12687166,0.530878255,0.04222217
1960-11-01,0.593632937,0.030292838,0.020216843,0.005672912,0.164408598,-0.319190054,-0.00855554,-0.226290562
1960-12-01,0.784723754,0.134551384,-0.026089969,0.027629097,0.241726574,-0.203794052,0.208650091,-0.051484451
1961-01-01,0.223482973,0.20546015,-0.311463363,0.046240492,0.141646478,-0.321443194,0.14933382,-0.026904628
1961-02-01,0.288429222,0.190760662,0.037547971,-0.057048424,0.051870942,-0.275454627,0.083385284,0.169149235
1961-03-01,-0.107283898,0.110446184,-0.299445479,0.078618646,0.033717283,-0.243635239,0.128417568,-0.105712967
1961-04-01,-0.044771269,0.194824763,-0.381826585,-0.048649124,0.047224728,-0.137053906,0.350049821,0.499184121
1961-05-01,-0.33030482,0.22328241,-0.138646547,-0.021502828,-0.026757691,-0.017299118,0.210220953,0.062620771
1961-06-01,-0.36525631,0.050517123,-0.255102632,-0.076632861,0.136450593,0.051815396,0.202700682,0.020213126
1961-07-01,-0.111926725,0.217326621,-0.175782903,-0.057204888,0.171856876,0.054916599,0.357959878,-0.029504588
1961-08-01,-0.384821943,-0.024228675,-0.238802901,-0.007745843,0.158446629,-0.047870863,-0.148655935,0.071365758
1961-09-01,0.179513977,-0.015565186,-0.072683456,0.028490786,0.260546235,0.055418175,0.033794072,-0.144149616
1961-10-01,-0.439331286,0.026102327,-0.271673194,0.021928278,-0.01456913,0.017056757,0.150390721,0.219234918
1961-11-01,-0.492620211,0.060672595,-0.179030169,0.053791762,-0.018756181,0.002376476,-0.124345811,-0.010852439
1961-12-01,-0.179882368,0.04301261,-0.11626119,-0.044358122,0.166299605,0.039283226,0.069562081,0.077127854
1962-01-01,0.141002307,0.020846881,0.036101355,-0.059165727,0.241011414,0.110790374,0.016888105,-0.162276613
1962-02-01,-0.435216239,0.09886977,-0.110191204,0.020394513,0.049077404,0.100126662,0.011745836,-0.137360046
1962-03-01,-0.085292677,-0.12508613,-0.120485353,0.059083457,-0.007869756,0.075049195,0.015176286,0.052605333
1962-04-01,-0.195767853,-0.100248365,-0.045411221,0.04557577,0.02661242,0.19166501,0.127930709,-0.270370909
1962-05-01,0.072642284,-0.077262189,-0.055151705,-0.094377992,0.088942501,0.159935596,0.348839876,-0.20024308
1962-06-01,0.208494287,-0.277927909,-0.002623279,-0.209652794,0.097874498,0.34707853,0.347647613,-0.231131614
1962-07-01,-0.165613863,-0.008910889,-0.107801626,-0.023219603,0.097697777,-0.07766294,0.03588485,0.156562853
1962-08-01,-0.000660563,0.156488777,0.203758809,0.077726614,0.065610186,-0.026261879,0.030420166,-0.147812667
1962-09-01,-0.165176479,0.125260372,0.114503602,-0.014332012,0.008438953,0.117885229,0.119595375,-0.033530897
1962-10-01,0.116558943,-0.440238055,-0.301611089,0.054674799,-0.041052755,0.031042685,0.04098896,-0.025212175
1962-11-01,-0.064121516,0.175542024,0.106303437,0.137347826,0.078468413,-0.217276737,-0.007960465,-0.002195037
1962-12-01,0.093600396,-0.116944177,-0.042747579,0.095215713,0.047947072,-0.158324093,-0.039569251,0.107384396
1963-01-01,-0.147376716,0.181757472,0.086234597,0.006986579,-0.033342901,-0.121282574,0.043285411,0.032084458
1963-02-01,-0.168673933,-0.015351192,-0.01905755,0.00396369,-0.039945261,-0.045769228,0.117256443,-0.039122715
1963-03-01,-0.163563254,-0.134566887,-0.0397946,0.025014248,0.028660165,0.040874394,-0.018282411,-0.000487941
1963-04-01,-0.317327553,-0.057018438,-0.021839946,0.135325914,0.057496036,-0.061955571,-0.10980601,-0.188243072
1963-05-01,-0.100345992,0.043617062,0.102697893,0.058276085,0.049774399,-0.019680263,0.124578028,0.246404
1963-06-01,-0.090939821,-0.016940299,0.066026067,-0.017886215,0.149302206,0.035110958,0.006886129,0.031109415
1963-07-01,-0.062343753,-0.100533139,0.019442949,-0.001016031,0.117948387,-0.024551104,0.044385585,-0.185597849
1963-08-01,-0.141163304,-0.107305627,0.026010599,0.027380654,0.014424475,-0.16398726,-0.047918337,-0.150042405
1963-09-01,-0.180006333,-0.221898037,-0.051299115,0.099675895,0.038634663,-0.039986151,-0.015042399,0.155998038
1963-10-01,-0.327648411,0.005598853,0.184653322,0.066125446,0.063744245,0.043924129,0.061216445,-0.146290587
1963-11-01,0.101133296,-0.156437548,0.059096572,0.020658831,0.109599468,0.059988144,0.130919239,0.105130249
1963-12-01,-0.151474932,0.013261173,0.040666209,0.046896131,0.126142975,-0.075391868,-0.050560243,-0.072398524
1964-01-01,-0.266185255,-0.04305697,0.000782814,0.09116086,-0.06537709,-0.208689356,0.043410365,-0.150965106
1964-02-01,-0.262791237,-0.208648851,-0.050524668,0.159050807,0.083749722,0.015039364,-0.071449395,-0.155944252
1964-03-01,-0.05373691,-0.046216984,0.104154824,0.035562099,0.121953076,0.010658977,-0.042786541,-0.043664365
1964-04-01,-0.347383964,-0.044584958,-0.11533774,0.028399881,-0.016178111,0.016490285,0.022675532,0.220554631
1964-05-01,-0.269942133,-0.030255302,-0.046343341,0.072314263,-0.042001211,-0.042363921,0.02354306,-0.209528329
1964-06-01,-0.063828562,-0.016227576,0.102780817,0.007996848,0.062175436,0.084547185,0.064980388,0.093883907
1964-07-01,-0.365355598,-0.008843263,-0.082902013,0.121555013,0.003643212,-0.066999611,-0.095953823,-0.086041478
1964-08-01,-0.133347559,-0.172776713,0.016888715,0.032619416,0.070878109,0.193755804,-0.024315255,-0.047245816
1964-09-01,-0.220833973,-0.04685005,0.088652522,0.033625202,0.078604541,0.154925234,-0.114233313,-0.027918134
1964-10-01,0.421814368,-0.153571866,0.110073686,0.046477845,0.215719263,-0.181166651,-0.170221107,-0.459744055
1964-11-01,-0.792368484,0.042994432,-0.147508973,-0.015127259,-0.142347273,0.249504323,0.116977611,0.434011241
1964-12-01,-0.502663633,-0.056120483,-0.050684599,-0.063652519,-0.077646582,0.124590215,0.063839088,0.010146753
1965-01-01,-0.314191565,-0.048601909,-0.025294763,0.019839164,-0.041984485,0.067847441,-0.195549421,-0.103204476
1965-02-01,-0.185679772,-0.079897077,-0.031739052,-0.003048417,-0.128833354,-0.079422265,0.060709539,-0.084011181
1965-03-01,-0.372081536,-0.099068416,0.007104535,-0.004714535,0.006705421,0.262992813,-0.177084184,-0.05008891
1965-04-01,-0.216650208,-0.03780522,0.10651946,0.003993586,-0.062802317,0.059936279,-0.113868001,-0.277995068
1965-05-01,-0.316184835,-0.074628995,0.030906403,0.034063154,-0.049783807,0.118066406,-0.151419384,0.075693248
1965-06-01,-0.138157169,-0.102020777,0.107571166,-0.068980896,-0.052853618,0.300507151,0.176787609,-0.073061
1965-07-01,-0.379325043,-0.325383911,-0.194023511,0.044001091,-0.148651406,0.065180251,-0.177448952,-0.168397198
1965-08-01,-0.136802317,-0.043807529,0.077038534,0.027194391,-0.04793067,0.004064261,-0.073439334,-0.007712174
1965-09-01,-0.310346602,0.039799177,0.073800462,0.053640794,0.003876617,0.02591524,-0.126797067,0.070415125
1965-10-01,-0.426240148,-0.042684382,-0.006502313,0.018962762,-0.021863263,0.023483879,-0.139933077,-0.106757678
1965-11-01,-0.325383267,-0.080428924,0.004359607,0.011005682,-0.004191224,0.063653605,-0.158702177,-0.120660303
1965-12-01,-0.483286826,-0.061669253,0.104618262,-0.107165038,0.051214156,0.148300863,0.002289222,0.021622889
1966-01-01,-0.302814109,-0.192503,-0.115511287,-0.034098818,-0.022912518,0.013897638,-0.162469231,-0.055656822
1966-02-01,-0.324301821,0.098997508,0.186559207,-0.137061434,0.042092406,0.244991762,-0.165797678,0.009403394
1966-03-01,-0.459476252,-0.308866922,-0.153393492,-0.089858334,-0.125117318,0.230675477,0.008073789,-0.126228765
1966-04-01,-0.181297722,0.059494776,0.094912844,-0.005907595,0.019264053,0.131986019,-0.12389002,-0.025632136
1966-05-01,-0.05716589,-0.380484284,-0.048254853,-0.212494103,-0.177762455,0.3217202,-0.035426642,-0.189691694
1966-06-01,-0.321036593,-0.122346472,0.056868604,-0.094030462,-0.15138282,0.317252903,-0.251760956,-0.116617763
1966-07-01,-0.122203812,-0.030927925,0.1739072,-0.246338393,-0.120101574,0.164469459,-0.190998263,-0.056822747
1966-08-01,-0.093518589,0.001848188,0.126776764,-0.384970947,-0.190844411,0.228965681,0.10483859,-0.114034324
1966-09-01,-0.042030724,-0.110062392,-0.161481772,-0.316422685,-0.180395595,0.137063154,0.036169121,0.146789198
1966-10-01,-0.0844518,0.091289346,-0.1409699,-0.239348443,-0.353878083,0.164063889,-0.033074134,-0.11494401
1966-11-01,0.190461917,-0.026853469,-0.012889617,-0.084303543,-0.163852275,0.023711189,-0.434559017,-0.185840114
1966-12-01,0.180419691,0.02298348,-0.060627144,-0.025668789,-0.30052056,0.194125111,-0.016153535,-0.222704262
1967-01-01,0.033689403,0.080521457,-0.076879781,0.117556292,-0.230448544,0.0580708,-0.154125794,-0.003045117
1967-02-01,0.394827056,0.071399233,0.153957499,0.027860595,-0.043379952,0.013227787,-0.243278425,-0.046119778
1967-03-01,0.222745074,-0.012226981,-0.05657899,0.072707409,-0.125525658,0.037010971,-0.140826097,-0.265800443
1967-04-01,0.002181966,0.175501474,-0.043435741,-0.001288411,-0.127487789,-0.058746871,0.098028127,0.02328484
1967-05-01,0.177171793,-0.022776398,0.069332999,0.019633858,0.088472246,0.01085527,-0.131270873,-0.181513422
1967-06-01,-0.085433259,0.081599079,0.147623301,-0.132655254,0.057213287,-0.005863047,0.09879106,-0.130602743
1967-07-01,0.002650469,-0.114843157,-0.081739173,-0.146223513,0.278492168,-0.087232908,-0.109629992,-7.86E-05
1967-08-01,-0.466958707,0.115662359,-0.135200749,-0.02588247,0.060132568,-0.035457888,0.120575434,0.018643578
1967-09-01,0.025230732,-0.039818827,-0.069471039,0.014600052,0.200316995,-0.116747082,0.013205509,-0.186226312
1967-10-01,-0.058053886,-0.031973948,-0.117411407,-0.085129957,0.216756964,-0.053741131,0.186983861,0.046149074
1967-11-01,-0.640771492,-0.006119257,-0.126964176,-0.164889424,0.116651579,0.122850788,0.202562904,-0.129906491
1967-12-01,-0.40514586,-0.031442746,-0.200749318,-0.092474759,0.100275738,-0.103896316,0.029625111,-0.093355681
1968-01-01,0.290829792,0.089152226,-0.009394493,0.016158846,0.118283144,-0.019586406,0.031653191,0.330074584
1968-02-01,-0.295620476,-0.173531369,-0.003800173,0.049736978,0.069260178,0.244540232,0.02493989,-0.534704378
1968-03-01,-0.211517458,-0.113046095,-0.028953112,-0.05792915,0.096032137,0.003914064,-0.014220415,0.096912499
1968-04-01,-0.166050807,-0.156102768,0.104833248,0.040181624,0.064470905,-0.03698773,-0.383922785,-0.116152492
1968-05-01,-0.317686315,-0.112048175,0.014044978,-0.138635456,-0.056817296,-0.069388298,-0.032302951,0.106537554
1968-06-01,-0.110942589,0.082283683,0.229137348,0.083705072,-0.121079793,0.020634229,0.025537228,-0.100149464
1968-07-01,-0.074125839,-0.119509945,0.050449509,0.143465539,-0.17019161,-0.040714443,-0.014768657,-0.065678659
1968-08-01,-0.128774223,-0.170245486,0.152568916,0.154288903,-0.166797379,0.175591687,-0.088369406,-0.172090236
1968-09-01,-0.205304859,-0.127368796,0.053605477,0.122860913,-0.026542376,-0.013144283,-0.152944354,0.109297047
1968-10-01,-0.279929549,-0.028786345,0.189148607,0.041279693,0.004687292,-0.106441885,-0.075732288,-0.096995257
1968-11-01,-0.364072099,-0.178831344,0.060890762,-0.018936775,-0.064553748,0.067796276,-0.052881525,0.062439772
1968-12-01,-0.106462799,-0.284321436,0.059833323,-0.159225583,0.102981424,-0.07399485,-0.114222649,-0.09061734
1969-01-01,-0.255613856,-0.126085474,0.217520027,-0.090788199,0.068675475,0.072271681,0.064420344,-0.019850993
1969-02-01,-0.316110149,-0.180692276,0.142137774,-0.001268103,-0.111548708,-0.055025958,0.0517504,-0.159280639
1969-03-01,-0.235034886,-0.008790037,0.345153336,-0.070770777,-0.041365527,0.206353269,0.086987351,0.092552928
1969-04-01,-0.00832616,-0.349339017,0.163237638,0.040961573,-0.225388026,-0.161899362,-0.162209084,-0.048935806
1969-05-01,-0.069683576,-0.341667156,0.388292778,-0.018456011,-0.364421402,-0.130512579,-0.321349118,-0.100030918
1969-06-01,-0.258197529,-0.282735158,0.563801031,-0.297549921,-0.317476557,0.133294679,0.097214962,-0.058903773
1969-07-01,-0.119807283,-0.327251179,0.179529876,-0.298397772,-0.294192566,-0.028594111,0.174719875,0.146514911
1969-08-01,-0.158519722,-0.210221523,0.335680389,0.001355831,-0.441700577,0.021639625,-0.153838683,-0.0347847
1969-09-01,0.086988015,-0.158281267,0.393271261,-0.170159866,-0.257874604,-0.176277832,-0.023972594,0.247081886
1969-10-01,-0.036175111,-0.165630981,0.305438541,-0.028199339,-0.318257059,-0.010020257,-0.091631536,-0.236253485
1969-11-01,0.257985388,-0.085443651,0.335040986,-0.090914876,-0.16724421,-0.11302193,-0.135673195,-0.00673463
1969-12-01,0.050100845,-0.280131224,0.307974578,-0.376212252,-0.116463273,0.047168942,0.07796449,-0.084573358
1970-01-01,0.597415349,-0.118159742,0.332786739,-0.156121409,-0.198177714,-0.139391881,-0.039092771,-0.248926434
1970-02-01,0.119351735,-0.090206641,0.219764067,0.038394624,-0.56351978,-0.088240676,0.261019028,-0.146958946
1970-03-01,0.31659882,-0.058804037,0.096635849,0.267942983,-0.328567461,0.030600821,0.159698789,0.001945059
1970-04-01,0.343192304,-0.028248811,0.397543445,-0.159798591,-0.204641687,-0.091036396,0.270182254,0.04543234
1970-05-01,0.303242959,-0.331257107,0.064527866,-0.43935887,-0.054936211,-0.045584122,0.52077642,-0.014292463
1970-06-01,0.208909003,0.049703526,0.178428612,-0.008831593,-0.060364341,-0.12131922,0.208843007,0.068433669
1970-07-01,0.040379347,-0.064248577,0.031823717,0.160826979,-0.080352148,0.00184681,0.148573568,-0.014747863
1970-08-01,0.364193372,-0.026559014,-0.063339104,0.157865777,0.098022469,-0.194230522,0.082331364,0.0598502
1970-09-01,0.30330383,0.254595537,0.230196307,0.249155784,0.140022726,-0.237868427,0.125883495,-0.083876585
1970-10-01,0.776413622,-0.040707481,0.234563489,0.21954225,0.233796783,-0.405139511,0.088657621,-0.418794724
1970-11-01,0.47661845,-0.017610824,0.044846604,0.354309362,-0.042494603,-0.11393549,0.330935762,0.088912904
1970-12-01,-0.654221321,0.216959094,-0.244714995,0.527240937,-0.221724263,-0.204679736,0.399565071,0.364829596
1971-01-01,-0.139133334,0.031993698,-0.247301408,0.463389317,0.036358209,-0.250325307,0.135471693,-0.00777416
1971-02-01,0.12739021,0.123624521,-0.084726327,0.481655853,0.12582916,-0.125304226,0.014072996,-0.087332128
1971-03-01,0.098726451,-0.04076753,0.037011437,0.318816572,0.155662807,-0.10573509,0.137402321,-0.04510835
1971-04-01,-0.303119566,-0.071148275,0.090138484,0.006055121,0.266667304,-0.26529122,0.081587989,0.024125678
1971-05-01,-0.272213251,-0.160900715,0.197625331,-0.099428329,0.344303916,-0.067690327,0.150432792,0.10232576
1971-06-01,-0.156350341,-0.133329416,0.063682237,-0.052271028,0.286685378,-0.263729028,0.256919854,0.185609785
1971-07-01,-0.052951157,-0.305392199,0.024813285,0.000480237,0.335121269,-0.247542409,0.256325336,-0.247980719
1971-08-01,0.028704647,-0.136540577,0.271855982,0.295458294,0.122472973,-0.005348477,0.134179106,-0.048060278
1971-09-01,-0.373795238,-0.228290073,-0.065124601,0.439086433,-0.097034714,-0.04370269,0.126062731,0.078150357
1971-10-01,-0.228618983,-0.03838444,0.125148716,0.300381833,0.011319322,-0.015271088,0.352262882,0.05647584
1971-11-01,-0.201948988,-0.18747499,0.134549958,0.29881584,0.009629849,0.050789252,0.297438849,-0.191149234
1971-12-01,-0.388793894,0.063017404,0.125753355,0.41382984,0.206251601,-0.114945817,0.077620958,0.246505419
1972-01-01,-0.614338763,-0.13088095,-0.200643415,0.544958829,0.122078219,0.006319447,0.199832607,0.057813186
1972-02-01,-0.352826434,0.012829154,0.058973408,0.268939268,0.315922179,-0.077090442,0.16374169,0.055724276
1972-03-01,-0.423910617,-0.352139239,-0.112880535,0.183078973,0.27921102,-0.175684947,-0.029767125,-0.080966859
1972-04-01,-0.407959748,-0.128438915,0.081141596,0.088092411,0.291918232,-0.071481595,0.129904637,0.044845613
1972-05-01,-0.218221567,-0.142342357,0.187903977,0.26267552,0.192897318,0.055255661,0.039675269,-0.164824915
1972-06-01,-0.236343829,-0.285375696,0.101052639,0.20758728,0.247367008,-0.050827087,-0.000176641,-0.155014261
1972-07-01,-0.005781396,-0.107933053,0.202796228,0.16340804,0.291440352,-0.047919049,0.210650126,0.068048515
1972-08-01,-0.621970993,-0.226511266,0.003651789,0.280252216,0.059467724,-0.095442116,0.019988924,0.12154059
1972-09-01,-0.42200895,-0.103473533,0.262667471,0.035626547,0.345638055,-0.044048661,0.130104318,0.098997049
1972-10-01,-0.541552195,-0.449570339,-0.151389475,0.270307939,0.087864424,-0.048729413,0.10443748,0.071288818
1972-11-01,-0.555822484,0.01284001,0.196902372,0.312716557,0.183727672,-0.057218707,-0.102444394,-0.121473407
1972-12-01,-0.55184005,-0.241197257,0.091861558,0.220868921,0.17925259,-0.048214954,0.005588296,0.084215058
1973-01-01,-0.451508336,-0.294194247,0.25776161,0.113356876,0.257540111,0.039793624,-0.04559999,0.048887561
1973-02-01,-0.685362527,-0.21410435,0.447973162,0.109985361,0.019791848,0.157152978,0.083230941,0.070977617
1973-03-01,-0.342401148,-0.21108746,0.527945535,0.024000732,0.115240722,0.057054789,0.03180374,0.24526627
1973-04-01,0.018024804,-0.533270709,0.193217923,0.095380313,0.034364854,0.116056571,-0.054520978,0.001909378
1973-05-01,-0.234256522,-0.388306457,0.334128194,0.084276637,-0.102146613,0.062738746,0.051216997,0.041715054
1973-06-01,-0.242960916,-0.388004871,0.508643067,-0.041974234,-0.034607144,0.062012202,-0.074755479,0.090262548
1973-07-01,-0.191566188,-0.828869051,0.264943586,-0.242496237,-0.232533202,-0.32405006,-0.210209487,0.338587548
1973-08-01,-0.221596167,0.4457788,1.477458896,-0.381683057,0.084406309,0.187696503,0.074044631,-0.103093329
1973-09-01,-0.063970378,-1.095598464,-0.359925781,0.220550016,-0.782275379,-0.382745741,-0.068725479,0.155021021
1973-10-01,-0.266273455,0.066051793,0.486519095,0.411836341,-0.683921877,0.138384271,-0.086531702,0.027014007
1973-11-01,-0.241201778,-0.287289322,0.595700236,-0.259796345,-0.438492713,0.163988345,0.17798062,-0.180579136
1973-12-01,0.278923215,-0.459165301,0.506628182,-0.110820669,-0.439498298,0.393957457,0.014046514,-0.064742246
1974-01-01,0.148052643,-0.079908242,0.723824666,-0.215111111,-0.300814868,-0.104413549,-0.104393147,-0.296084175
1974-02-01,0.136821076,-0.183462388,0.487008989,0.240144287,-0.462680617,0.1186562,0.107988588,0.053307871
1974-03-01,-0.073857614,-0.260990601,0.379514557,-0.210875075,-0.153362884,-0.266610993,-0.159118874,0.349695887
1974-04-01,0.079838594,-0.63869069,0.317684995,-0.400443395,-0.328246925,-0.194524221,0.060442101,0.119694396
1974-05-01,-0.288218388,-0.04712925,0.731740749,-0.293668498,-0.560369416,0.099030951,0.058176735,0.350617478
1974-06-01,0.18635669,-0.544686822,0.410933271,-0.157786099,-0.787783275,-0.159790834,-0.028591079,0.000531557
1974-07-01,0.113288139,-0.376288542,0.844710339,-0.478831381,-0.847224922,0.234011552,0.201311783,0.001302288
1974-08-01,0.175819707,-0.087792304,0.700405324,-0.58764506,-0.483676031,-0.033584275,0.092778638,0.064253166
1974-09-01,0.527244149,-0.489262434,0.308849038,-0.26396652,-0.759126538,0.375699948,0.434274346,0.004267642
1974-10-01,0.546296916,-0.060811939,0.188010669,0.184924428,-0.701758397,0.035418255,0.08170117,-0.023523493
1974-11-01,1.176773439,-0.00183039,0.441511225,0.056360281,-0.36766189,-0.21479779,-0.085098535,-0.06077832
1974-12-01,1.539679582,-0.178187355,0.288006175,-0.102224267,-0.186776169,-0.15935739,0.373148009,0.010041511
1975-01-01,0.979523655,0.310896158,0.029339082,0.216019372,-0.338122666,-0.511275483,0.106401406,0.02233077
1975-02-01,1.021256325,0.405802753,-0.137691061,0.321290743,-0.253399129,-0.65904931,0.02259423,-0.056193501
1975-03-01,0.747835468,0.244243771,-0.165024332,-0.070984622,0.045886136,-0.317121692,0.187439033,0.197284827
1975-04-01,0.144271167,0.313857066,-0.183994165,-0.403998675,0.127311483,-0.442613532,0.362027916,-0.026207346
1975-05-01,0.096791235,0.275142427,-0.323230633,0.221852336,-0.047815282,-0.26112974,0.105739898,-0.153341801
1975-06-01,-0.018285446,0.429239059,-0.123776107,-0.036673028,-0.040578607,-0.160575086,0.188594695,0.382933577
1975-07-01,-0.476361862,0.24588153,-0.00045365,-0.412723173,0.13252854,-0.228843315,0.221189538,-0.279840036
1975-08-01,-0.303901011,-0.271998565,-0.441883678,-0.331209926,0.0520004,0.063063515,0.202763077,-0.109905425
1975-09-01,-0.25252417,0.203559308,-0.107806173,-0.122198777,0.102019563,0.121163733,0.210713856,0.073588104
1975-10-01,-0.07080786,0.117706115,-0.23874339,0.302670401,0.014010182,0.038347493,-0.082657234,-0.177442649
1975-11-01,-0.005638474,0.222350587,-0.229171723,0.202606354,0.088359952,-0.005462978,0.119646815,0.024325503
1975-12-01,-0.332529753,0.023319373,-0.346376017,-0.021614973,0.072261801,0.047870837,0.185276535,-0.147978936
1976-01-01,-0.46698664,0.208320343,-0.387471527,0.47209066,-0.093963489,-0.052820559,-0.188925792,-0.057808612
1976-02-01,-0.342838105,-0.004416257,-0.318452665,0.178671884,0.146943258,0.038963048,-0.134772847,0.017117088
1976-03-01,-0.128354531,0.050696579,-0.135112037,-0.016198072,0.207072628,0.007326333,-0.000400978,-0.118134862
1976-04-01,-0.121390565,0.080737709,-0.09145882,0.176730223,0.11091162,0.166389728,0.001604172,-0.246557765
1976-05-01,-0.114590055,0.040868195,0.017995022,-0.227860811,0.284718194,0.005792973,0.055154441,0.212583682
1976-06-01,0.002839385,0.087042888,-0.020663416,-0.091378749,0.088486827,-0.21486006,0.146431796,-0.075313401
1976-07-01,-0.105849391,0.059532717,-0.082923455,0.174409231,0.05341467,0.054169342,0.005719488,0.087269923
1976-08-01,-0.046957912,0.016437635,-0.107439866,0.1331335,0.092411205,0.084050047,0.19459141,0.00335773
1976-09-01,-0.130584208,-0.013569898,0.047543772,0.188711515,0.135517007,0.072404001,-0.096711549,-0.06782484
1976-10-01,0.130933433,-0.108454124,-0.034948609,0.139018688,0.094857971,0.09207823,0.276987069,-0.245120881
1976-11-01,-0.381156568,-0.072312051,-0.162313095,0.15597229,-0.057493001,0.060677261,0.253730909,0.11273183
1976-12-01,-0.322680062,0.10018963,-0.073752701,0.350809749,-0.028321784,-0.01602407,0.130869941,-0.033674487
1977-01-01,-0.0897405,-0.075424232,0.060228737,-0.065965726,0.269434524,0.021100361,-0.026296918,-0.077928549
1977-02-01,-0.465035631,0.068603113,0.126514566,-0.011769297,0.189927362,0.172211383,0.259571814,-0.148338724
1977-03-01,-0.488963121,-0.337238727,-0.235789656,0.162058169,0.142877479,0.073654865,0.023015625,-0.019994196
1977-04-01,-0.358239739,-0.114066596,0.016406415,0.174270249,0.151355829,0.235715817,0.078475769,0.011036611
1977-05-01,-0.378794153,-0.260760104,-0.019047425,-0.014628182,0.14983102,-0.092345373,0.004400722,-0.10349453
1977-06-01,-0.335729123,-0.153088745,0.071559627,0.189380413,0.069599199,0.085950247,0.073944137,-0.008907949
1977-07-01,-0.224694093,-0.129726519,0.083645426,0.185459106,0.211137228,-0.02270092,0.020876945,-0.051694876
1977-08-01,-0.179860499,-0.279113767,0.161966915,0.004289096,0.221613257,0.013807457,0.044185278,-0.111797651
1977-09-01,-0.313700428,-0.249606273,0.132684244,0.06829017,0.056112995,0.078396209,0.006553292,-0.012798788
1977-10-01,-0.346953008,-0.233520462,0.166923394,-0.019225011,0.196702027,0.030925378,0.13521269,-0.038033364
1977-11-01,-0.30599162,-0.053676736,0.291396716,0.215270472,0.113194815,0.102511284,0.026551663,0.044296842
1977-12-01,-0.391487931,-0.287371379,0.016931278,0.192726762,0.062065385,0.02303277,-0.035864312,0.143765719
1978-01-01,0.256719238,-0.274591052,0.399270413,-0.086414671,0.373574448,0.180607348,0.033329694,-0.073837147
1978-02-01,-0.406088043,-0.145037752,0.053734569,0.079581408,0.018660096,-0.057198992,0.081671277,-0.156278087
1978-03-01,-0.651237413,-0.099563944,0.112615053,0.156198787,-0.023136985,0.170308046,0.171488059,0.017391591
1978-04-01,-0.766238695,-0.109355123,0.104909942,0.220432778,0.067373847,-0.006994319,-0.07258741,0.057984868
1978-05-01,-0.27043167,-0.232768373,0.228036611,0.053940925,0.146559062,-0.155289879,-0.229254118,-0.148190419
1978-06-01,-0.488633311,-0.24602966,0.23006848,0.09747867,0.107534989,0.060126591,-0.008123837,0.053900377
1978-07-01,-0.030075915,-0.367516731,0.209895645,0.10016591,0.131643771,-0.007226876,0.002205551,0.179805732
1978-08-01,-0.297510008,-0.152300209,0.115527865,0.417002381,-0.030496737,-0.035905981,-0.263025839,0.152189621
1978-09-01,-0.264086482,-0.139114781,0.346130475,-0.062079327,0.113202728,-0.003349493,0.037845392,0.192612909
1978-10-01,-0.464709288,-0.275245668,0.310703571,-0.104015116,0.008807409,0.063784564,0.03836955,0.139514345
1978-11-01,-0.410090006,-0.604629117,0.265362433,-0.35122545,0.057042393,0.108291517,0.090611209,-0.237585669
1978-12-01,-0.245944318,-0.35510096,0.26967058,-0.002094648,-0.016661218,-0.052124392,0.017207431,-0.018358217
1979-01-01,-0.039587958,-0.027239508,0.380572494,-0.022268172,0.006726634,-0.162032777,-0.221902203,-0.0335655
1979-02-01,-0.126825166,-0.107254248,0.277913065,0.014031361,-0.155872988,0.032334252,-0.010315708,-0.042822134
1979-03-01,-0.342586786,-0.169528538,0.252676636,0.084349858,-0.088724132,-0.0046416,-0.043472912,0.025920785
1979-04-01,0.483294014,-0.222052475,0.489457884,0.085585616,0.182687922,0.003712158,-0.207390075,-0.154012296
1979-05-01,-0.509118766,-0.195079893,0.183211924,-0.08917941,-0.147468634,-0.014171177,0.123594278,0.07916866
1979-06-01,0.015132299,-0.340702929,0.251070321,0.365763408,-0.234088564,0.145435018,-0.123446203,-0.075949906
1979-07-01,0.026769153,-0.231929914,0.419042759,0.090143377,-0.152539504,0.024474229,-0.094070456,0.22704488
1979-08-01,0.13561873,-0.223417335,0.430753072,-0.015103303,-0.149278062,-0.441635624,-0.150968164,-0.080652426
1979-09-01,-0.234178045,-0.230231432,0.356357279,-0.313048476,-0.020338091,-0.259663476,-0.057135793,0.155344013
1979-10-01,-0.19990355,-0.614380744,0.586568628,-0.87787467,-0.084636101,-0.225792091,0.003177962,0.10336395
1979-11-01,0.049546391,-0.24120107,0.386315138,-0.306855437,-0.197358538,-0.137425991,0.058264972,-0.126499859
1979-12-01,0.060046853,-0.112815858,0.397508414,0.120684425,-0.452546659,-0.077807208,-0.119402159,0.29522294
1980-01-01,-0.096381249,0.049164258,0.603419421,-0.139065952,-0.406506841,-0.176679839,-0.072888824,0.082986836
1980-02-01,-0.042435463,-0.330764177,0.395562823,-0.882043078,0.096053541,-0.473339313,-0.191190038,0.270992769
1980-03-01,0.212199208,-0.465326247,0.598420525,-1.141909133,-0.290356602,0.011457783,0.233209157,-0.021265762
1980-04-01,1.246445792,-0.485451014,0.336773208,0.423612737,-1.390310594,-0.039216828,0.071981111,-0.214214647
1980-05-01,1.334846338,0.415230238,0.241940481,1.121125886,-0.789100361,0.225681492,-0.123222577,0.06196716
1980-06-01,0.712943768,0.237093548,0.064629675,0.678899209,-0.488150166,-0.171910974,-0.101849634,0.185988266
1980-07-01,0.272355763,0.034954022,0.061986867,-0.169826503,-0.01607769,-0.6553285,0.005472419,0.191492825
1980-08-01,-0.413953381,0.07314387,0.226821761,-0.674052977,0.308850941,-0.366013106,-0.02763938,0.192344133
1980-09-01,-0.515482302,-0.107079102,0.072260942,-0.527953377,0.153151018,-0.339523435,0.007445767,0.477246619
1980-10-01,-0.542914531,-0.190722614,0.185467429,-0.4741286,-0.075550115,-0.322528853,-0.107932147,0.348177091
1980-11-01,-0.508272307,-0.29688237,0.4096417,-0.785938797,-0.196938777,-0.422205067,-0.164850867,0.305596704
1980-12-01,-0.199953266,-0.602250341,0.644068464,-0.645850949,-0.699497084,-0.156889171,-0.162960161,0.143891842
1981-01-01,0.197526803,-0.115041311,0.792247047,0.246973834,-1.110318128,-0.028249698,-0.103444769,0.053722943
1981-02-01,0.206940792,-0.19457689,0.386137423,-0.377414784,-0.267479037,0.066587785,-0.012214006,-0.236892014
1981-03-01,0.16638811,-0.132260895,-0.088151184,0.379781007,-0.513356051,0.072227913,-0.126763505,0.027939607
1981-04-01,-0.070347102,-0.362105606,0.202871644,-0.405463773,-0.238470247,-0.187945063,-0.255920728,0.029888089
1981-05-01,-0.168023342,-0.324808206,0.511445015,-0.986320303,-0.38598436,-0.362412674,-0.093488326,0.081218287
1981-06-01,0.359205479,-0.103651692,0.481071118,0.225196758,-1.201536785,0.15249408,-0.230505075,0.001249937
1981-07-01,-0.083667666,-0.264075511,0.610475182,-0.677214968,-0.697261556,-0.022792352,-0.195030035,0.196038787
1981-08-01,0.149289982,-0.148878163,0.162128834,-0.571294606,-0.448442596,-0.29470996,-0.062674882,0.066361636
1981-09-01,0.547330234,0.060641139,0.141815421,-0.243342703,-0.240284029,0.401289832,0.315704252,-0.016055386
1981-10-01,0.68267074,0.02897341,-0.218968381,0.247001825,-0.489139953,0.045323666,0.096949542,-0.028939678
1981-11-01,0.921325874,0.478747065,-0.058209358,0.961403589,-0.846093452,0.338957962,0.027064719,-0.022547342
1981-12-01,0.764311436,0.090762264,-0.078567494,-0.204437496,-0.036330731,-0.174489126,0.00481105,0.015809223
1982-01-01,0.648681592,0.040053307,0.225404427,-1.028938905,0.309713539,-0.35511765,0.091394199,0.163484654
1982-02-01,-0.283817461,0.080625083,-0.237048001,-0.724357443,-0.451576582,-0.375460049,0.285832227,-0.208889249
1982-03-01,0.63937091,0.008869027,-0.058495775,0.166280186,-0.578257425,0.108055796,0.130892271,-0.029075443
1982-04-01,0.527913025,0.164586966,0.177320217,-0.173062226,-0.313747974,-0.30411701,-0.137736149,0.138514303
1982-05-01,0.242085834,0.53477424,0.380538633,0.099630369,-0.467296083,-0.053976663,0.207122299,0.009355494
1982-06-01,0.442019234,0.083590838,0.238825714,-0.786613626,-0.05852965,-0.094735783,0.33429721,-0.087792771
1982-07-01,0.546403401,0.025490854,-0.387040865,0.26138347,-0.298178835,-0.202647886,0.176452294,-0.031729145
1982-08-01,0.798689664,0.255360002,-0.453832418,0.703652101,-0.299446781,0.115248015,0.185003466,-0.241232968
1982-09-01,0.421638064,0.369436365,-0.210275051,0.443230978,-0.222417716,-0.498360298,-0.124316338,-0.052695726
1982-10-01,0.674546244,0.558498119,0.051654657,0.672825616,-0.358608205,-0.288581883,0.043028737,-0.072280923
1982-11-01,0.417157403,0.069943639,-0.210873753,0.252135475,-0.139477709,-0.402389826,0.140073005,-0.080712469
1982-12-01,0.25937071,0.042244875,-0.17111478,0.232118063,-0.066323289,-0.097877316,0.114345238,0.269411746
1983-01-01,-0.375265261,0.374541918,-0.067324427,0.261344275,-0.051817126,-0.0156727,0.204493084,0.269129924
1983-02-01,0.171784704,-0.047373618,-0.077177805,-0.097526064,0.23162198,-0.397818337,0.055001092,-0.137935893
1983-03-01,-0.264414909,0.176046305,-0.117847187,0.027205874,0.010658951,-0.408207439,0.056274929,-0.191712122
1983-04-01,-0.369472364,0.328639331,0.145475448,0.127420908,0.020910778,-0.04430488,-0.004014716,0.13610136
1983-05-01,-0.292796655,-0.002890535,-0.175840934,0.233327491,-0.041800841,-0.197549071,-0.020628628,0.085358719
1983-06-01,-0.498351714,-0.118558963,-0.009556125,-0.24654366,0.19952382,-0.243498083,-0.009743167,-0.122302045
1983-07-01,-0.583637846,-0.046900053,0.008059303,-0.171225647,0.200225221,-0.031715416,0.016952568,0.065120827
1983-08-01,-0.1478781,-0.219961524,0.033053219,-0.201173847,0.290761113,0.044303583,0.092549298,-0.055738067
1983-09-01,-0.679629326,-0.009020283,-0.179786611,0.305780576,-0.129349153,0.129750139,-0.082134011,-0.030945948
1983-10-01,-0.28440242,-0.082370551,-0.095930678,0.265075355,0.005101836,0.212169436,-0.136433186,0.1547853
1983-11-01,-0.308695497,-0.157019126,-0.024176037,-0.042506148,0.11485393,0.065303438,-0.049513847,-0.164607011
1983-12-01,-0.296387258,-0.134292785,-0.054086446,-0.046014657,0.183341237,0.042372672,-0.106398931,-0.102513645
1984-01-01,-0.618136872,0.181209797,0.09974184,0.224320149,-0.003012123,0.095463361,0.035699989,-0.024501443
1984-02-01,-0.402741621,-0.296861956,0.12352447,0.108378167,0.196380336,0.347204811,-0.007676094,-0.13300958
1984-03-01,-0.246833542,-0.319705857,-0.039637841,-0.174351236,0.237775539,0.01647789,-0.047209813,0.253242326
1984-04-01,-0.285666844,-0.201645455,0.075330443,-0.109579194,0.187170729,0.052085302,0.006965081,-0.09454777
1984-05-01,-0.302308138,-0.250835777,-0.045232322,-0.30381536,0.325925108,-0.154167487,-0.00952292,-0.267957064
1984-06-01,-0.284488165,-0.257315643,0.049309818,-0.07507211,0.228745684,0.154079556,-0.002889028,-0.07686079
1984-07-01,-0.120351794,-0.094384162,0.121792607,-0.065846939,0.07833742,0.049980753,0.028944825,-0.264838961
1984-08-01,0.022851998,-0.007056428,0.068626326,0.357129914,-0.088963774,-0.150132675,-0.30500378,0.024518817
1984-09-01,0.006314034,-0.155194871,0.024144211,0.203619026,0.000244658,0.056579364,-0.076344614,-0.187653745
1984-10-01,0.052444291,0.064647614,-0.046739463,0.380069131,-0.003381392,0.214567581,0.178290128,-0.307880979
1984-11-01,-0.106012239,0.023070284,-0.151716552,0.697129588,-0.17979485,0.165056897,0.075400983,-0.118507288
1984-12-01,0.05676167,-0.023973314,-0.156746055,0.252737487,0.118628945,0.132257711,0.159923532,-0.213222328
1985-01-01,0.027793119,0.074819374,0.083382052,0.25211635,0.189032686,-0.084831224,-0.1098748,-0.281459157
1985-02-01,-0.09165165,0.102275166,0.081585812,-0.099650676,0.287346138,-0.312170688,0.030998308,-0.208951407
1985-03-01,-0.271850716,-0.191743191,-0.057731059,-0.132031783,0.361458149,-0.070561865,0.136529853,-0.103174971
1985-04-01,0.188785721,0.018017938,-0.055789779,0.590227842,0.110527346,0.055689778,0.087451244,0.018684642
1985-05-01,-0.033512335,0.016087555,-0.139182242,0.529202079,0.030551528,0.030731645,0.01571831,-0.195571195
1985-06-01,0.157240015,0.053932914,-0.056563824,0.631040631,0.00858899,0.109062457,0.021884803,0.094499393
1985-07-01,0.027958152,0.00173669,0.153925842,0.183264973,0.168313612,-0.165693462,0.01398715,0.099020942
1985-08-01,-0.200094757,-0.113603362,0.023133305,0.106186283,0.135989908,-0.009256676,0.102763377,-0.00038809
1985-09-01,-0.127584303,-0.125043846,0.050488665,0.07359445,0.155032456,-0.030980532,0.163689374,-0.180200617
1985-10-01,0.038791524,0.055607859,0.265924921,0.315231019,0.140157996,0.088259559,0.043592568,0.28046795
1985-11-01,-0.129503813,0.109653434,0.052966465,0.386785895,0.02816617,-0.088344474,-0.096677032,0.15366569
1985-12-01,-0.139608435,-0.097970776,0.035625775,0.406498898,-0.110601009,-0.127132672,-0.043247177,0.139818212
1986-01-01,-0.217151927,-0.16611645,0.036641358,0.184523176,-0.032999271,-0.130240413,0.03888321,-0.112838022
1986-02-01,0.326148125,-0.381707282,-0.152870901,0.513849621,-0.066005458,-0.283289393,-0.025363703,0.168917497
1986-03-01,0.239081819,-0.207329003,-0.071461612,0.757269682,-0.090020758,-0.037920608,-0.140965444,0.056291477
1986-04-01,-0.049918333,0.097487754,0.205331831,0.547970563,-0.012620899,0.011797829,0.087740699,-0.114279463
1986-05-01,-0.155152403,0.347391302,0.560096883,0.050232948,0.248787985,-0.03344711,0.231546306,0.055325338
1986-06-01,0.047155574,-0.015266181,0.159279889,0.075648539,0.163836274,-0.272128653,0.081146639,0.021949386
1986-07-01,-0.090295669,-0.348106675,-0.178688333,0.479036019,-0.154173501,0.073009412,0.148119718,-0.008872614
1986-08-01,-0.0232304,0.133102482,0.207588101,0.343368858,0.065832497,-0.007444773,0.107972572,-0.01185324
1986-09-01,-0.199899702,0.066754463,0.153748888,0.117699921,0.047751883,-0.020951595,0.293019556,-0.228403754
1986-10-01,0.061884688,-0.255235589,-0.04742908,0.113712052,0.107234078,0.0225878,0.012064894,0.002428619
1986-11-01,-0.105996506,-0.038616333,0.064275743,0.096354147,0.053547791,-0.131710332,-0.001938813,0.078918718
1986-12-01,-0.318781369,-0.089099831,0.17845195,0.18972304,-0.047430718,-0.106771442,0.090499391,0.127742293
1987-01-01,0.149269883,0.168453774,0.473584411,0.313551303,0.075528915,-0.02161195,-0.154081096,0.202524146
1987-02-01,-0.514532553,-0.05199965,-0.115207718,0.186722551,-0.088903942,-0.368415894,-0.065532079,0.093499535
1987-03-01,-0.101331224,-0.174919803,0.035574701,0.198123525,0.080996096,-0.092282282,-0.095339707,0.163958113
1987-04-01,-0.254112498,-0.098131607,0.221029118,-0.138751204,0.214415274,0.043345917,0.068333288,0.078013245
1987-05-01,-0.290022661,-0.229009568,0.028005022,-0.226455336,0.062062496,-0.125886096,0.057462055,0.175988493
1987-06-01,-0.086298026,0.030943866,0.095257612,0.084412667,0.045158978,-0.086327427,-0.019756373,-0.102534958
1987-07-01,-0.255515801,-0.12901501,-0.073517807,0.113430516,0.007370444,-0.043035527,-0.139251109,-0.152008577
1987-08-01,-0.259875205,0.061245858,0.098540575,-0.041212001,0.162171844,-0.134445054,-0.078521665,0.194806661
1987-09-01,-0.156980768,-0.279081826,0.04252391,-0.266508049,0.251761128,0.042794539,0.062822699,0.225276182
1987-10-01,-0.353072446,-0.251492889,-0.02179391,-0.183762611,-0.028868657,0.439721651,0.454903734,-0.028836811
1987-11-01,-0.022301371,-0.062544011,-0.052780751,0.339017299,-0.14826532,0.560415316,0.533286311,0.112389877
1987-12-01,-0.139372929,-0.133492517,-0.106810654,0.011804947,0.050525202,0.09058553,0.082091242,0.200981553
1988-01-01,0.157856016,0.211834136,0.076452291,0.189454624,-0.015892154,-0.028722527,-0.021914751,-0.022739681
1988-02-01,-0.143548856,-0.049008745,-0.142137119,0.318478175,-0.156647363,-0.017347753,-0.054140272,-0.311783011
1988-03-01,-0.167032324,0.097622634,0.132085639,0.124158233,0.101013253,-0.025711722,-0.015534525,0.122381827
1988-04-01,-0.263754611,-0.014599256,0.194832634,-0.138393682,0.192658119,0.214500955,0.012219153,0.219905483
1988-05-01,0.012639177,-0.248434971,-0.073014478,-0.210753293,0.087753067,-0.11446745,0.076923764,-0.118928426
1988-06-01,-0.205078344,-0.032581791,0.122224548,0.027454855,0.050365104,-0.026688847,-0.227225208,-0.105559293
1988-07-01,-0.033620426,-0.087130559,0.152892798,-0.209570317,0.067520076,-0.064957482,0.026000871,-0.168197029
1988-08-01,-0.045485794,-0.241098636,0.018099308,-0.22094158,0.038919531,-0.110907288,0.100519685,-0.086348621
1988-09-01,-0.045193675,0.003432631,0.120159694,0.119227335,-0.043921238,0.065254471,-0.078153106,0.047872124
1988-10-01,-0.200139545,-0.053710509,-0.031308462,0.26346234,-0.116269562,-0.061917268,-0.091914078,0.202499925
1988-11-01,-0.083661985,-0.174525,0.148005445,-0.015362625,0.114733996,0.171197579,0.01825434,0.10437375
1988-12-01,-0.260512082,-0.081770716,0.176056107,-0.121606953,0.054091678,-0.119608346,-0.078788834,0.15067754
1989-01-01,-0.23468691,-0.002042435,0.228317278,-0.05318342,-0.029617802,-0.079093687,-0.098808549,-0.243286728
1989-02-01,0.095561382,-0.306442586,0.116168734,-0.050550518,0.043398378,-0.00666185,-0.31988056,-0.047215065
1989-03-01,-0.066324533,-0.133801088,0.222879523,-0.259174388,-0.048843184,0.018297742,-0.052932604,-0.039038115
1989-04-01,-0.03436393,0.162966434,0.315231148,0.043234573,-0.174800465,-0.015633967,-0.017190131,-0.028795009
1989-05-01,0.338432652,-0.290816276,0.048092763,0.110110019,-0.241389919,-0.10796291,-0.232301093,-0.346804466
1989-06-01,0.212505546,-0.252433743,-0.007105883,0.313308727,-0.379040272,0.038748463,-0.115002571,-0.101355067
1989-07-01,0.335678235,-0.020580117,0.247532994,0.312544988,-0.2440216,-0.004395206,-0.138493066,0.175818766
1989-08-01,-0.147482419,-0.176114039,-0.054949459,-0.019537959,-0.256768936,-0.172620053,-0.128969526,-0.041432599
1989-09-01,0.132216228,0.124840571,0.32513875,-0.118223963,-0.113843903,-0.085946808,0.003012157,-0.054817826
1989-10-01,0.160447248,0.052431498,0.289775934,0.109428434,-0.147286605,0.104697336,0.033924961,0.197857565
1989-11-01,0.011537403,-0.210861232,0.017157836,0.029498574,-0.272772515,-0.001288874,0.104058786,-0.035042726
1989-12-01,0.01523109,0.061159775,0.136123598,0.05463954,-0.134957667,-0.06195197,-0.030342258,0.230364888
1990-01-01,-0.161443853,0.250398097,0.645598897,-0.027875675,0.092163742,0.070109889,0.084882994,-0.217029017
1990-02-01,-0.130936685,-0.487981051,-0.348358043,-0.146853567,-0.190436644,-0.067550759,0.166808826,0.240351206
1990-03-01,-0.062820162,-0.038857513,-0.001874303,-0.149360401,-0.024512344,-0.164693766,-0.100990927,0.002330598
1990-04-01,0.298821647,-0.129355039,0.01536109,-0.081412036,-0.027459199,-0.056315308,-0.022768032,-0.017973121
1990-05-01,0.042474132,0.115614542,0.004637257,-0.00885662,-0.147115403,-0.15632647,0.022914163,0.138025818
1990-06-01,0.082994435,0.227363892,0.095778783,0.061899638,-0.109181702,0.0746514,-0.031559429,0.17023149
1990-07-01,0.255837743,0.067154493,0.060618989,0.037193164,-0.165798017,-0.101092982,0.001682905,0.187750584
1990-08-01,0.201736204,0.339106632,0.415831458,-0.212808863,-0.087054207,0.327668558,0.387525701,0.234533191
1990-09-01,0.281626471,-0.023144488,0.012745133,-0.246907369,-0.191858591,0.07283856,0.275051434,0.199712431
1990-10-01,0.48758716,0.025134472,0.086902044,-0.076549013,-0.182731132,0.120426796,0.106241321,0.091601986
1990-11-01,0.725016092,-0.248356134,-0.256050738,0.075723091,-0.202356805,-0.236694348,-0.006473509,0.007699597
1990-12-01,0.423719626,0.162349669,-0.13360345,0.014562958,-0.165545078,-0.093695138,-0.168728247,0.013034788
1991-01-01,0.505769662,0.387639635,0.021934317,-0.103736902,-0.20944383,0.042950751,0.09499258,-0.040239874
1991-02-01,0.624981902,0.097990375,-0.414095573,0.249842328,-0.154248571,-0.366853459,-0.173280177,0.180226949
1991-03-01,0.391627576,0.210594637,-0.180550607,-0.299502329,0.053314115,-0.351938384,0.006300998,-0.238672754
1991-04-01,0.176092288,0.448681575,-0.082342319,-0.093457383,-0.04215374,-0.076290615,0.099850576,0.056589964
1991-05-01,0.090267836,0.344375619,-0.124710212,-0.146595265,-0.052700438,-0.038800795,0.212269716,0.078605728
1991-06-01,-0.002500972,0.043282418,-0.348058181,-0.298210579,-0.050680986,-0.190922841,0.170368947,0.070931616
1991-07-01,0.069022472,0.19183616,-0.195946384,-0.082713461,-0.004864513,-0.079841801,-0.065259892,0.106439993
1991-08-01,0.234030345,0.322908913,-0.088214799,0.133489752,-0.089968348,0.067324921,-0.01395121,0.035773355
1991-09-01,0.028691919,0.237362443,-0.205223791,0.023227296,-0.119991073,0.100582831,0.087170063,0.300671509
1991-10-01,0.32406149,0.109639767,-0.17967899,0.040074743,-0.046121223,0.030476072,0.072369411,0.06273926
1991-11-01,0.239452694,0.309917919,-0.05263601,0.083926908,-0.049707403,0.099455,0.147328017,0.142549198
1991-12-01,0.404358566,0.069297566,-0.223366309,0.198067978,-0.082045069,0.092661063,0.026829883,0.096145953
1992-01-01,0.233122408,0.210677533,-0.281312369,0.19531003,-0.032352645,-0.377356123,-0.079864274,-0.124992236
1992-02-01,-0.014752271,0.232532464,-0.068024296,-0.204436121,0.139833134,-0.022305987,0.14413681,0.095311475
1992-03-01,-0.164583397,0.124815259,-0.212156752,-0.297124767,0.145816024,-0.128140544,0.10976579,0.011298263
1992-04-01,-0.045214966,0.254640944,-0.260504409,0.026105293,-0.011953009,-0.022402583,0.031624014,-0.035935492
1992-05-01,0.030757461,0.199840461,-0.213567734,0.058500713,0.014406672,-0.043270354,0.07915437,0.21649833
1992-06-01,0.149225873,0.194444928,-0.105679034,0.000644501,0.06109234,0.042646433,0.108379542,0.172899908
1992-07-01,0.059035364,0.25216195,-0.306438381,0.290884451,-0.069966218,0.132228099,0.086892491,0.143690091
1992-08-01,0.24674448,0.103490542,-0.175476842,0.116333272,0.111526037,0.038955832,-0.050881667,0.041878605
1992-09-01,0.15822504,0.134371986,-0.158518766,0.016127985,0.040076535,0.052370776,0.071430903,-0.065896879
1992-10-01,-0.116890366,0.184199668,-0.169854597,-0.237267783,0.107197422,0.060177375,0.184257182,-0.063462315
1992-11-01,-0.025011226,-0.013503647,-0.303011557,-0.317718918,0.24984045,-0.197350488,-0.089915321,-0.251993183
1992-12-01,-0.114863277,0.130578806,-0.342157039,0.090521678,0.106543328,-0.159187944,-0.129420871,0.136606186
1993-01-01,-0.028959072,0.249076849,-0.092540928,-0.019201108,0.116266832,0.153693505,0.060702585,-0.270984242
1993-02-01,-0.041015902,0.14141338,-0.220863371,0.11272385,0.069541651,0.119122675,-0.096927012,-0.063540531
1993-03-01,0.270229394,0.091554109,-0.14981654,0.027121206,0.07559446,0.082775197,-0.111556524,0.110214382
1993-04-01,-0.077781432,0.175908891,-0.097385959,0.073282571,0.082749706,0.210743026,0.03856793,0.113550517
1993-05-01,0.053803856,0.040773611,-0.148551347,0.016767084,0.12477377,0.089995233,-0.064367415,-0.000766569
1993-06-01,0.046426217,-0.019276627,-0.24628798,-0.063407038,0.10600395,-0.125429367,0.016126103,-0.141488314
1993-07-01,-0.072696255,0.126255791,-0.106215421,0.023790172,0.074615737,0.105393625,-0.013272981,-0.186205347
1993-08-01,0.053223289,0.143885979,-0.113982014,0.117196306,0.137714862,0.057258676,-0.075152932,0.029399027
1993-09-01,-0.084704014,0.053652119,-0.150457294,0.135536527,-0.003675397,0.09966985,-0.00943161,0.020172299
1993-10-01,-0.209343447,0.263412237,0.056726482,-0.044498363,0.150719616,0.057523362,0.015410959,-0.106197443
1993-11-01,-0.101130299,-0.148797474,-0.235723448,-0.145718825,0.198274079,-0.018225987,-0.042506802,-0.051746496
1993-12-01,-0.274077906,-0.113608378,-0.253431299,0.07769881,0.130774196,0.034989852,-0.156660118,0.099268977
1994-01-01,-0.047394901,0.174779668,-0.04723504,-0.00579184,0.10563627,-0.101508254,-0.040644183,-0.215792586
1994-02-01,-0.112958496,0.144724575,0.01488303,-0.140211191,0.203950725,-0.027014155,0.028012398,0.026063859
1994-03-01,-0.365797232,-0.042941666,-0.150887955,-0.216934332,0.310890131,0.16438212,0.08175201,0.008937311
1994-04-01,-0.212586207,-0.174670476,-0.205756587,-0.244953534,0.32463068,0.164924161,0.018227954,0.052267568
1994-05-01,-0.28606956,0.043199666,-0.081671961,-0.143158249,0.325925457,0.055436553,-0.131309614,0.01508436
1994-06-01,-0.166565819,0.12012122,-0.022538632,0.019353514,0.175823279,0.158100901,-0.041485623,0.017213171
1994-07-01,-0.086088984,0.034161284,-0.067828827,-0.02042782,0.274808241,0.209233404,-0.035533429,0.166174729
1994-08-01,-0.27946674,0.070847667,-0.131725915,-0.006729882,0.129373624,-0.024071756,-0.098584021,-0.134417388
1994-09-01,-0.152726068,-0.141592092,-0.204634417,-0.045123148,0.193891145,0.049337588,-0.124011646,0.025447889
1994-10-01,-0.304395639,0.058381709,-0.189488426,-0.154568479,0.249023905,-0.011627271,0.018486718,0.166279296
1994-11-01,-0.246050184,-0.000234378,0.005450872,-0.190562402,0.319569341,0.250527307,-0.113944098,-0.068509037
1994-12-01,-0.297378646,-0.061353834,-0.233638174,-0.149135239,0.257184161,0.122515013,-0.04314172,-0.131302946
1995-01-01,-0.054562552,0.088666073,-0.070416029,0.031044148,0.218575122,0.161927232,-0.158078909,-0.014712037
1995-02-01,0.068410279,0.064807731,-0.05257571,0.118495876,0.040249782,0.039240844,-0.210329796,0.039580019
1995-03-01,0.077531772,0.02471741,-0.082046504,0.209613149,-0.0298546,0.209000924,-0.097389369,0.168821618
1995-04-01,0.164162711,0.173908715,0.144595075,0.147604308,-0.020059443,0.065431837,-0.043167053,0.156379514
1995-05-01,0.162192591,-0.024897826,-0.142415126,0.149794168,-0.096259772,-0.058155877,-0.09601525,-0.031065873
1995-06-01,-0.031881053,0.015589465,-0.048916592,0.2447701,-0.127552531,0.156462547,-0.199196101,-0.020560044
1995-07-01,0.17059286,-0.047991116,0.039862735,-0.003121946,0.025435101,-0.135266017,-0.144556145,0.009715225
1995-08-01,-0.250228504,0.031716418,-0.021402279,-0.18037473,-0.023575678,-0.070418839,0.035383391,-0.162926892
1995-09-01,-0.0890964,-0.03974603,-0.039522647,0.115286431,-0.110015678,0.047859218,-0.139045731,-0.017405104
1995-10-01,0.108105213,0.036092334,0.141822445,0.077626097,0.020146606,0.090413522,-0.147094639,0.027421282
1995-11-01,0.049094134,-0.113117603,-0.048523213,0.069735727,-0.070121274,-0.067358175,-0.044114059,-0.091775844
1995-12-01,-0.080160701,0.133966106,0.067060679,0.109125181,-0.071650649,-0.053607474,-0.097364475,0.059357936
1996-01-01,0.349334386,0.002244824,0.273703784,0.018590717,0.022501866,0.064562907,-0.003848478,-0.027513237
1996-02-01,-0.309016381,-0.116394288,-0.216034112,0.09909344,-0.154779213,-0.123389725,-0.091947454,-0.133219914
1996-03-01,-0.062157605,0.032468047,0.189548654,-0.195820244,0.149572151,-0.076167882,-0.022280079,0.11750014
1996-04-01,-0.18584591,-0.023796357,-0.026641442,-0.131237766,0.064996954,-0.034720342,0.100450149,0.159570681
1996-05-01,-0.19646854,-0.139091172,-0.119692578,-0.022439107,0.037775902,-0.061373485,-0.086174999,-0.140855778
1996-06-01,-0.240118315,-0.093756918,-0.191050183,-0.020984871,0.128416118,0.026087623,-0.121490338,0.088581614
1996-07-01,0.027921233,-0.053541689,0.110724334,-0.014492015,0.088409418,0.156515323,0.037903856,-0.11282549
1996-08-01,-0.09662193,0.050112339,-0.108663723,0.185026731,0.059169515,0.046258429,-0.107967605,0.015080898
1996-09-01,-0.219968836,0.078789388,0.061228812,-0.090287564,0.142925043,0.005647259,-0.05268345,0.052784036
1996-10-01,0.041432089,0.034687207,-0.004739473,0.195919393,-0.010000079,-0.007872285,-0.172876635,-0.146756768
1996-11-01,-0.169672477,0.021773366,-0.073834488,0.222807991,-0.013397459,0.051259509,-0.163938783,0.174190048
1996-12-01,-0.038797666,-0.042931906,-0.042638454,-0.07459874,0.065370568,0.079894121,-0.028517323,-0.028309785
1997-01-01,-0.062863322,-0.044934461,-0.066647298,-0.120270054,0.032072363,-0.196472792,-0.105543563,-0.109078983
1997-02-01,-0.277927978,-0.028132597,-0.176437865,0.035167424,-0.024751759,-0.090211854,-0.107643164,-0.080401607
1997-03-01,-0.184364709,-0.171555212,-0.101639593,-0.137174378,0.100681524,0.105806615,0.011850693,0.003360843
1997-04-01,-0.018570496,-0.122889547,0.03126958,-0.157520892,0.152774507,0.115148795,0.007257554,-0.139758453
1997-05-01,-0.084857478,0.073367389,-0.065387092,0.234399935,0.004041372,-0.053043596,-0.233946204,0.117635302
1997-06-01,-0.114332327,0.096633281,0.024864772,0.203658343,-0.022920526,0.068512975,-0.152623933,0.095767277
1997-07-01,-0.176363254,0.019331155,-0.068901493,0.151984044,-0.104195052,-0.147078432,-0.133657667,-0.028161523
1997-08-01,-0.137975381,0.010695,0.020936764,-0.073019936,0.069654215,0.206572886,-0.027370014,0.067575422
1997-09-01,-0.248358856,-0.000307133,0.021307468,0.071155437,-0.077407836,0.020172124,-0.006416073,-0.081366781
1997-10-01,-0.212600892,-0.100251135,-0.056064636,0.123356197,-0.060664819,0.120424876,-0.076041578,0.099170574
1997-11-01,-0.238460785,-0.209101216,-0.090824161,0.070430942,-0.030718364,0.15190443,-0.125965204,0.058400628
1997-12-01,0.012458034,-0.13805407,-0.004166637,-0.003075054,-0.009878819,0.008992909,0.005532092,-0.210839941
1998-01-01,-0.100904889,-0.110946183,-0.004901352,0.160825547,-0.080905198,0.131755789,-0.136225493,-0.012289135
1998-02-01,-0.080690999,-0.047990078,0.073037852,0.152588013,0.052620164,-0.102705298,-0.222606466,0.093279455
1998-03-01,0.026790085,-0.109999255,0.086269354,0.060872476,0.060800287,-0.06970596,-0.123056743,-0.049466072
1998-04-01,-0.154523996,0.002010385,0.104701937,0.108995929,0.105354225,0.084558896,-0.268175759,-0.130744904
1998-05-01,-0.1398878,-0.022964677,0.104649102,-0.004728552,-0.002970897,0.018692259,0.048471761,0.009765756
1998-06-01,0.230352246,-0.240418394,0.055270706,0.082703425,0.014235084,-0.077173075,-0.014472124,-0.302522615
1998-07-01,0.155132302,0.018643991,0.25969847,0.112819142,0.104466602,-0.099931827,-0.102737367,-0.13370032
1998-08-01,-0.429409213,-0.201248226,-0.160054373,-0.039229844,-0.232007202,0.235580189,0.325419912,0.228390914
1998-09-01,0.172248461,-0.151786835,0.115800128,0.341975033,-0.203197622,0.201109558,0.152876345,0.022168889
1998-10-01,-0.048624666,0.100192848,0.202355628,0.354278037,-0.121308458,0.235854652,0.188776999,0.21338526
1998-11-01,-0.080320576,-0.144684798,-0.054632276,0.035950862,0.115766836,-0.362113447,-0.263777308,-0.033359876
1998-12-01,-0.125027357,-0.019091346,0.095230701,0.233480835,0.045352414,-0.020310516,-0.041458685,-0.043007001
1999-01-01,-0.111339522,0.038278088,0.105739568,0.141102581,0.119532526,-0.134122707,-0.095334485,0.041189339
1999-02-01,-0.189135774,-0.246892745,-0.109722209,-0.057235712,-0.017829406,-0.202577329,0.043928625,-0.120596886
1999-03-01,0.00103483,0.02391185,0.25175412,-0.087533262,0.208163475,-0.030271486,-0.047142405,-0.074042678
1999-04-01,-0.047848962,0.269160398,0.350100981,0.138550169,0.108455167,0.096081621,0.009585634,-0.021698279
1999-05-01,-0.169582644,-0.379450441,-0.33009833,-0.050448969,0.016674837,-0.220572684,0.026141051,0.038138826
1999-06-01,0.046112016,-0.113077555,0.053470563,-0.158434384,0.1835172,-0.166183714,0.128376146,-0.124406202
1999-07-01,-0.129586848,0.093703909,0.23479762,0.149419933,0.152804642,0.133913334,-0.144182705,0.024808017
1999-08-01,-0.156907471,-0.14603083,-0.011249851,-0.038649123,0.120804559,0.09572951,0.144540627,0.08852029
1999-09-01,0.078581846,0.028027275,0.196538611,0.053131348,0.095554283,0.050882169,-0.011678578,0.083010401
1999-10-01,-0.294125632,-0.270018811,-0.238956865,-0.048410728,0.030047946,0.027122784,0.11630042,0.157146945
1999-11-01,-0.117134526,-0.073387412,0.010189619,0.127975071,0.141634271,-0.050144346,-0.257143429,-0.036988296
1999-12-01,-0.290109256,-0.020640038,0.00785621,0.013520284,0.147874649,-0.016647424,0.015079145,0.067891341
2000-01-01,-0.164459784,-0.074597913,0.062984301,-0.043869451,0.181697983,-0.094433925,-0.125477491,0.022326447
2000-02-01,-0.061858051,0.006407797,0.194532246,-0.098300131,0.176190643,0.028089951,0.049106778,-0.292644205
2000-03-01,-0.166174366,0.013797404,0.079523118,0.10244779,0.064050945,0.111995449,0.005628454,0.052980295
2000-04-01,-0.043919188,-0.570850872,-0.468705529,0.14085627,-0.074657639,-0.011505777,-0.057800659,0.053281574
2000-05-01,0.092188591,-0.021336363,0.294210967,-0.415175684,0.131443698,-0.133635854,0.282177722,-0.263927028
2000-06-01,-0.070510171,0.257434094,0.394770321,0.244509411,-0.003117308,0.225961934,-0.191824501,0.244032199
2000-07-01,0.185816061,-0.323976052,-0.161027727,0.028068627,-0.096245179,-0.088375721,-0.033250125,0.010415118
2000-08-01,0.274823505,-0.293027144,-0.016915339,0.057836721,-0.045885097,-0.108502871,-0.039463756,-0.138670328
2000-09-01,-0.204746771,0.335542873,0.441718742,-0.049736485,0.061616708,0.175383147,0.056055248,-0.015313477
2000-10-01,0.231861856,-0.465410747,-0.109861624,-0.059438203,-0.081273479,-0.001130183,0.079840221,-0.134171369
2000-11-01,0.125288808,-0.125347591,0.19563143,-0.006232155,-0.005516314,0.038592869,0.070834624,-0.098359981
2000-12-01,0.182044842,-0.029278488,0.144454751,0.319500082,-0.177803299,0.15895326,0.154960776,0.016903414
2001-01-01,0.339528967,0.17063537,0.385904755,0.305633061,-0.113883083,0.0893994,0.128197744,0.058100448
2001-02-01,0.294466523,-0.287344981,-0.037425109,0.113910853,-0.142821673,-0.166638858,0.222828074,-0.154001961
2001-03-01,0.377098593,-0.300010745,0.021472301,0.073530709,-0.165366006,0.087388952,0.355640636,-0.176188091
2001-04-01,0.407529793,0.098854897,0.315485029,0.054398063,0.103876817,-0.001063629,0.257355706,-0.034062526
2001-05-01,0.194008511,0.229396529,0.217187663,0.11667786,0.078422455,-0.374301479,-0.007133307,0.054899432
2001-06-01,0.435312871,-0.199840414,-0.123171186,0.165135765,0.012814153,-0.183923208,0.199921509,-0.109781727
2001-07-01,0.344902703,-0.252202287,-0.213860446,0.055183185,0.080814135,-0.234011533,0.24071503,0.013121051
2001-08-01,0.322810163,0.252518928,0.286464227,0.16802493,0.077961371,-0.114166426,0.389775405,0.052444512
2001-09-01,0.646685579,-0.094749955,0.092151872,0.257814068,0.210884728,0.698483761,0.623450974,0.298761393
2001-10-01,0.306716977,-0.126587415,-0.420022802,0.235565145,-0.219306586,-0.790887424,0.325533756,-0.36947841
2001-11-01,0.417572755,0.221912182,0.021412629,0.213228896,0.298883616,-0.15573794,0.26302422,0.150273585
2001-12-01,0.282563842,0.047722153,-0.132332792,0.060427283,0.289949877,-0.240155526,0.186085363,0.219298789
2002-01-01,0.056091542,0.272599041,0.019558784,0.061453218,0.234907019,-0.189160419,0.276902037,0.022223063
2002-02-01,0.107599557,0.034159754,-0.016679491,0.062298965,0.29888695,-0.130577432,0.265346814,-0.119091238
2002-03-01,-0.056333076,0.317559088,0.043066702,-0.028449302,0.379577939,-0.276805271,0.148734964,0.171654093
2002-04-01,0.091507362,0.089436854,-0.074357176,0.051719723,0.178814235,-0.064406493,0.335096875,0.169458352
2002-05-01,0.070368678,-0.181773113,-0.310483673,0.197561454,0.178078452,-0.104472354,0.196048373,0.220564864
2002-06-01,-0.051330684,0.059243281,-0.106037753,0.172019069,0.163631388,0.111475346,0.405106223,0.109914398
2002-07-01,0.195703733,-0.011018556,0.062705995,0.154978227,0.209687948,0.329044738,0.415168594,0.136632451
2002-08-01,0.100080531,0.079933976,-0.040656013,0.172308087,0.125186677,-0.081621563,0.14602877,0.001564151
2002-09-01,0.201257201,-0.100005756,0.010734205,0.120459797,0.121081235,0.014147584,0.31183401,-0.032841905
2002-10-01,0.142274221,-0.020708111,0.077771825,0.023007355,0.219032097,-0.001082756,0.246067175,0.072604276
2002-11-01,0.09913748,0.017206132,-0.194413643,0.319552902,0.150290014,-0.188899704,0.119731969,0.197185328
2002-12-01,0.246031575,-0.028968369,0.049402632,0.122131677,0.227062442,-0.174583428,0.230689459,0.021348895
2003-01-01,-0.16240869,0.306509534,0.209809066,0.173054684,0.252854103,0.05371556,0.238595691,0.113906575
2003-02-01,0.205503018,0.032284975,0.128009814,0.083319293,0.175785499,0.086673183,0.338827437,0.068348362
2003-03-01,0.173812332,-0.16781893,-0.176306913,0.163196769,0.101143161,-0.220036858,0.121492816,0.03910418
2003-04-01,0.388690541,-0.565777844,-0.514031204,0.210696322,0.137047081,-0.484789556,-0.007155533,-0.004280576
2003-05-01,0.037577632,0.330558713,0.153584777,0.507570989,0.196691129,-0.074084969,-0.07916367,0.332713277
2003-06-01,-0.035557289,0.411676165,0.290015994,0.27916467,0.129179382,-0.203056174,0.163124575,0.092579047
2003-07-01,0.015967743,-0.077112397,0.037697342,-0.150157039,0.326970526,-0.197391923,0.308263615,0.033660136
2003-08-01,0.015975514,0.018587054,0.085106822,-0.06906466,0.424779319,-0.079211481,0.13633672,-0.041558822
2003-09-01,-0.153895331,0.001475701,-0.085766033,0.207072121,0.113849941,-0.249142289,0.104147176,0.088234489
2003-10-01,-0.027363339,-0.227363714,-0.165956145,0.315936355,0.210918535,-0.109760304,-0.098042072,0.267267217
2003-11-01,-0.17404204,0.024024567,-0.03705288,0.142104876,0.2778434,-0.032866593,0.137049122,0.284220856
2003-12-01,-0.023492223,0.108210101,0.166583457,0.221662657,0.358538818,0.020884695,0.04739183,0.15810829
2004-01-01,-0.081189646,0.169321618,0.134283318,0.273333121,0.275691319,-0.056990483,-0.032833584,0.119059536
2004-02-01,-0.077718746,-0.193084635,-0.162056685,0.145492557,0.173673418,0.029056159,0.108919344,0.113311115
2004-03-01,-0.080609122,-0.173459767,-0.002112373,0.168159838,0.166130827,0.014738869,0.087602512,-0.144383535
2004-04-01,-0.137941825,-0.267531797,-0.00264637,-0.041499242,0.409089537,0.076535435,0.000313914,-0.00118898
2004-05-01,-0.30361263,0.045930789,0.140740082,-0.105723192,0.407874778,0.100787388,0.256375394,-0.035886731
2004-06-01,0.114352153,-0.151781436,-0.037940747,0.08526154,0.377570218,-0.213922042,-0.044337804,0.112409458
2004-07-01,-0.164463314,-0.244309548,-0.188840257,0.237526134,0.275398135,0.082970971,-0.027579844,0.128636734
2004-08-01,-0.064702927,-0.074146599,0.035188203,0.143799009,0.261275169,0.057280388,0.152315664,0.004556757
2004-09-01,-0.133354397,0.055368129,0.074511798,0.181553891,0.29206279,-0.072855242,0.030965142,0.060055724
2004-10-01,-0.306670951,0.273785206,0.308076734,0.136517733,0.255534745,-0.014399822,0.209454149,0.065338429
2004-11-01,0.009467791,-0.176907281,0.013107214,0.168824429,0.264404059,-0.157389122,-0.051451926,0.335826148
2004-12-01,-0.265058669,-0.49351079,-0.429902433,0.243387589,0.131125891,-0.239127927,-0.117064319,0.355533549
2005-01-01,-0.010421419,-0.076945,0.165535601,0.001094272,0.308663801,-0.02190246,0.231177296,-0.123167863
2005-02-01,-0.317501396,0.149323353,0.30296121,0.109114776,0.257556358,-0.032014369,0.09355741,-0.074431648
2005-03-01,0.003835119,-0.163658471,0.117710271,-0.022789389,0.36082221,-0.044755951,-0.01362879,0.077596474
2005-04-01,-0.186032693,-0.241081939,0.029706977,0.118174541,0.16474142,0.051574013,0.11775444,-0.077009653
2005-05-01,-0.026195291,-0.433898089,-0.128070347,0.178202261,0.081443076,-0.134951552,0.011945831,-0.013297361
2005-06-01,-0.206344418,-0.041380953,0.167962477,0.201266054,0.274302122,-0.07410919,-0.140069867,-0.13652987
2005-07-01,-0.159053784,0.16389789,0.480295828,-0.008159963,0.385872044,-0.069174385,0.054542418,-0.101969939
2005-08-01,-0.184840676,-0.103104868,0.228192202,0.103393513,0.159182207,-0.125054941,0.10539218,0.17253475
2005-09-01,0.161812011,0.267448135,0.813890424,0.106150984,0.364656097,0.171103892,0.024352634,0.044623756
2005-10-01,-0.200630265,-1.041575416,-0.665268845,-0.035952948,-0.023008025,-0.291226357,-0.011748785,0.098284575
2005-11-01,-0.229060759,-0.763661159,-0.420089559,0.12037434,0.032286353,-0.342642764,-0.147989281,-0.020408057
2005-12-01,-0.218896917,0.255884215,0.477851752,0.14176768,0.272153861,0.088386856,-0.064261273,0.145493665
2006-01-01,-0.357438622,0.169246292,0.507811086,0.187234011,0.285601638,0.185997002,-0.104289248,0.112707565
2006-02-01,-0.010242473,-0.686350235,-0.242129729,0.059887568,-0.009385918,-0.32840484,0.0103177,-0.046492706
2006-03-01,-0.250494809,-0.050279339,0.331715548,0.027759661,0.241500383,0.057266606,-0.147990893,-0.026215777
2006-04-01,-0.112474035,0.058323394,0.430411933,-0.005068076,0.255783305,0.182646354,-0.008434004,0.234955775
2006-05-01,0.060798493,-0.331685218,0.085883986,0.106251846,0.045686768,-0.058834655,0.024322782,0.296336125
2006-06-01,-0.093926604,-0.267084687,0.02379267,-0.042421266,0.090296432,0.08233411,-0.036038616,-0.053419171
2006-07-01,0.104474892,0.027351335,0.321161992,0.001718049,0.121753694,0.01617192,0.041536492,-0.069486731
2006-08-01,-0.114936142,-0.049355837,0.058506575,0.165139987,-0.082730829,-0.066397675,-0.056060474,0.065163403
2006-09-01,0.116259725,-0.803714845,-0.519603883,0.248539442,-0.202425667,-0.244041882,-0.292923003,-0.043651335
2006-10-01,0.13965445,-0.081171351,0.122280099,0.03903447,0.091469753,-0.01392355,-0.247786464,0.028126709
2006-11-01,-0.054109577,0.373849462,0.534692643,0.084801516,0.036949226,0.110983876,-0.035742775,0.023047028
2006-12-01,-0.321959837,0.183228651,0.313328563,0.054856939,-0.020664155,0.127249904,-0.004564388,0.222040986
2007-01-01,0.193619444,-0.437922122,-0.127472015,-0.081310956,-0.048236252,-0.206632646,-0.139744332,-0.150905864
2007-02-01,-0.150289399,0.226323085,0.30369134,-0.034505978,-0.051545496,-0.010373145,0.023525166,0.055311118
2007-03-01,-0.144270586,0.012829966,0.141698363,0.072222105,-0.104906057,0.13749763,-0.025412297,0.138709429
2007-04-01,0.126447999,-0.22449233,-0.027907157,0.041142976,-0.036691199,-0.005864352,-0.092940557,0.307729114
2007-05-01,-0.026395803,0.011311118,0.177921926,-0.013409797,-0.069488388,-0.117556619,-0.169435554,-0.045572939
2007-06-01,0.058159802,-0.197006432,0.01449137,-0.125201159,-0.050325745,-0.065910741,-0.075207062,0.067915183
2007-07-01,0.147224359,0.027017174,0.11712758,0.030248914,-0.06603852,-0.050019533,-0.061048789,0.08796834
2007-08-01,0.320208004,-0.271266377,-0.166782427,0.085665184,-0.188285721,0.247866726,0.16908695,0.088818447
2007-09-01,-0.018798301,0.498576214,0.399599166,0.035507391,-0.146661961,0.031419711,-0.069972397,0.070511279
2007-10-01,0.231240407,-0.003431856,0.064573637,0.058439709,-0.143116582,-0.070634568,-0.196003177,0.130880695
2007-11-01,-0.016547549,0.381572306,0.355815007,0.083220276,-0.299612083,0.381967522,0.18078336,0.191941776
2007-12-01,0.298522124,-0.406953,-0.3625344,-0.142370768,-0.375409387,-0.152381385,-0.090674659,-0.136063897
2008-01-01,0.240430927,0.177937268,0.123177281,0.05504138,-0.348108179,0.268692781,0.107841095,-0.001734512
2008-02-01,0.487243533,0.001433888,-0.079545718,0.081613018,-0.197879366,0.306530797,0.021368305,0.0907376
2008-03-01,0.396935416,0.234633441,0.065164169,0.07235992,-0.2214046,0.267560847,0.06285521,0.128469952
2008-04-01,0.443738409,0.076093108,-0.144750586,-0.249385162,-0.078061714,-0.279577426,-0.016493569,0.010973789
2008-05-01,0.269644921,0.409077454,0.158514681,-0.241317495,0.07503977,-0.06359868,-0.113789104,0.241605827
2008-06-01,0.328558524,0.332961803,0.231131909,-0.373070562,0.187814029,0.053902496,0.265520572,-0.033983457
2008-07-01,0.595461688,-0.013754686,-0.277757061,-0.185788177,-0.051258087,0.018071348,0.11807454,-0.111571905
2008-08-01,0.788844815,-0.478130045,-0.802258345,-0.244651772,-0.164847583,-0.366274827,-0.08051448,-0.257533174
2008-09-01,1.18552824,0.401466029,0.148519537,-0.190784746,0.236524587,0.211537307,0.065760358,-0.18697741
2008-10-01,0.957897519,-1.028423024,-1.345872722,-0.750601897,-0.067279592,0.569936175,1.214974747,0.057275896
2008-11-01,1.345695347,-0.288124125,-1.025708984,-0.127142776,-0.115688196,0.088210993,0.30405718,-0.384381535
2008-12-01,1.349452103,1.43901115,0.248189565,0.223355899,0.087447402,0.147123202,0.279317743,-0.187891128
2009-01-01,1.173058619,1.584010578,0.621094039,-0.494228974,0.296818863,-0.165149414,0.20966549,-0.280829469
2009-02-01,0.7852473,0.660990817,-0.319715565,-0.654249188,-0.085446471,-0.324910401,0.587982513,-0.154094472
2009-03-01,1.310559058,0.077126356,-0.677616775,-0.470682457,0.009836905,-0.077260876,0.317680757,0.170641141
2009-04-01,0.769347289,1.046344349,-0.27323942,-0.21000356,-0.03317542,-0.597019758,-0.074158057,0.262113605
2009-05-01,0.657017723,0.8044706,-0.302432367,-0.106203336,-0.020683539,-0.500596195,-0.147878354,0.36566833
2009-06-01,0.43196989,1.278638729,0.153457222,-0.307353653,0.027343987,-0.395757086,0.10143544,0.192439144
2009-07-01,0.383756062,-0.161438782,-1.263001932,-0.117543262,-0.362941579,-0.325683005,0.07857887,0.37986963
2009-08-01,0.145820273,1.057016905,-0.13771674,-0.133061284,-0.02101371,-0.214802839,-0.098377095,0.237629655
2009-09-01,0.37961747,0.372030163,-0.673511021,-0.152664472,-0.208903233,-0.222971276,-0.023745405,0.455406736
2009-10-01,0.401994319,0.666419176,-0.274227939,-0.26177333,-0.118750977,-0.083116685,-0.009099079,0.312113293
2009-11-01,0.133409999,0.543358949,-0.383643389,-0.262374649,-0.146839286,0.006686218,-0.06156225,0.138621475
2009-12-01,0.35753978,0.281104883,-0.585201425,-0.385684516,-0.157211585,-0.259226925,-0.106916542,-0.025806869
2010-01-01,-0.007652253,0.536064682,-0.300453114,-0.396979678,-0.156402316,0.105179577,-0.025260744,0.081424424
2010-02-01,0.497266297,-0.151962491,-0.634572669,-0.377175173,-0.099487656,0.33588739,0.061600634,0.112773868
2010-03-01,-0.149085925,0.727345543,-0.220609235,-0.299934083,-0.181197112,-0.054245289,-0.112672075,-0.086261223
2010-04-01,-0.015132569,0.312737229,-0.463725375,-0.281165504,-0.135481076,0.134993357,-0.204008697,0.146853189
2010-05-01,0.0173811,0.149803152,-0.628450343,-0.37962792,-0.317318727,0.514376962,0.193294505,-0.173358887
2010-06-01,0.313010534,0.309458995,-0.404041031,-0.415591251,-0.163744482,0.319811836,-0.055254247,0.031409544
2010-07-01,0.109660956,0.589745461,-0.230534029,-0.250096081,-0.185948781,0.462756797,-0.036362579,0.277896354
2010-08-01,0.298931954,0.371260781,-0.308166036,-0.160887316,-0.169676866,0.309018057,-0.188106761,0.134674251
2010-09-01,0.194890576,0.345256774,-0.337156106,-0.316152815,-0.213854029,0.163320162,-0.253737463,0.124877067
2010-10-01,0.129751367,0.613699584,-0.148006313,-0.233014846,-0.167272671,0.244870329,-0.242983092,0.175313906
2010-11-01,0.25709959,0.220785901,-0.423719685,-0.437722457,-0.193001138,0.089191031,-0.22369716,0.00235782
2010-12-01,-0.027755472,0.462315003,-0.291377641,-0.489066884,-0.027088203,0.151910833,-0.174713053,-0.083797279
2011-01-01,0.058112871,0.38589889,-0.419827211,-0.259904491,-0.216409396,0.014993531,-0.230275641,0.2181717
2011-02-01,0.231985646,0.364087234,-0.431223864,-0.35156642,-0.091239857,0.299996773,-0.375935349,0.147478155
2011-03-01,-0.008027052,0.493468592,-0.264522462,-0.300620423,-0.238656527,0.371449461,-0.081473912,0.130701845
2011-04-01,0.245980172,0.411039594,-0.292994871,-0.282614106,-0.133416546,0.177099953,-0.328068512,-0.068080767
2011-05-01,0.22439292,0.217178256,-0.523599333,-0.190192044,-0.230268153,0.20029924,-0.210910799,0.024618693
2011-06-01,0.201066761,0.054637812,-0.591117503,-0.273290955,-0.248436339,0.252632077,-0.091354911,-0.018442444
2011-07-01,0.002767203,0.620138466,-0.247569324,-0.207536672,-0.097029761,0.291595409,-0.164523289,0.125648022
2011-08-01,0.269058124,0.234306662,-0.398395323,-0.184808033,-0.310243091,0.584885068,0.222517015,0.005718044
2011-09-01,0.118430189,0.366989508,-0.345073384,-0.425362134,-0.225780042,0.072337866,-0.107951047,-0.405513893
2011-10-01,0.12394388,0.092014729,-0.500919243,-0.324470019,-0.185399494,0.160508983,-0.247098429,0.028111885
2011-11-01,0.175377367,0.476568731,-0.100933344,-0.205368749,-0.092860907,0.173508001,-0.229413302,-0.09256756
2011-12-01,0.020007122,0.067552147,-0.515003337,-0.294351741,-0.207407542,0.112256604,-0.285056448,0.057911092
2012-01-01,-0.118130644,0.532228555,-0.151423648,-0.18376938,-0.087400287,0.246557582,-0.335836915,0.030378133
2012-02-01,0.085148801,0.244075625,-0.278557833,-0.192657081,-0.165562552,0.121516798,-0.309262311,0.131616124
2012-03-01,0.15489098,0.224575492,-0.21300891,-0.265633177,-0.046936127,0.08692009,-0.409793403,-0.188217007
2012-04-01,0.122288202,0.138316938,-0.380684822,-0.231170211,-0.150082251,0.20876324,-0.118277372,0.08158773
2012-05-01,0.228159058,-0.017530481,-0.493567599,-0.233363675,-0.2085861,0.134965041,-0.116133639,-0.190301549
2012-06-01,0.228630481,0.234189924,-0.228823463,-0.236086043,-0.083183686,0.311136023,-0.056539885,-0.031769463
2012-07-01,0.152941502,0.39877657,-0.052796239,-0.16251936,-0.033425791,0.211083907,-0.247430917,-0.029868319
2012-08-01,0.145448353,0.672810358,0.186712194,-0.219962501,0.053972753,0.189841129,-0.20951598,-0.082219512
2012-09-01,0.016037744,0.211446037,-0.257111472,-0.05609242,-0.109321108,-0.018375425,-0.294925301,0.141786424
2012-10-01,0.158864622,-0.043040133,-0.358575459,-0.157696373,-0.091655854,0.084178132,-0.170370034,-0.002953932
2012-11-01,0.06014348,-0.185296212,-0.575695824,-0.200700507,-0.204753258,0.143594497,-0.122171923,-0.018349454
2012-12-01,-0.038801583,0.210913681,-0.109682414,-0.077816102,-0.041217261,0.2358687,-0.207620872,0.228807394
2013-01-01,0.064659796,0.340416701,0.021340657,-0.268993606,0.081889448,0.094739596,-0.232397278,-0.282281351
2013-02-01,-0.133129425,0.383743718,-0.031170002,-0.266391723,0.000949964,0.129502921,-0.165875364,-0.037586491
2013-03-01,0.274027865,-0.404921222,-0.786438885,-0.117567372,-0.119489795,-0.090579427,-0.233877492,-0.17539318
2013-04-01,0.177566689,0.244843272,-0.123468063,-0.058024737,-0.047577966,0.128101399,-0.191248549,-0.022713351
2013-05-01,-0.067002102,0.388700318,-0.03183511,-0.177073939,0.047030671,0.039347225,-0.29786734,-0.060858566
2013-06-01,0.02742179,0.23202939,-0.093628147,-0.299066856,0.045981508,0.241134515,-0.084691993,0.105279523
2013-07-01,0.252211026,0.135483668,-0.149027642,-0.22194823,0.093611981,0.009688896,-0.240251411,-0.215766335
2013-08-01,-0.102122345,0.22424711,-0.225038043,-0.154801812,-0.000734989,0.225143824,-0.097760668,0.149868061
2013-09-01,0.024579179,0.047693215,-0.364564265,-0.135271819,-0.060623652,0.115581871,-0.17272698,0.017192455
2013-10-01,0.174470427,0.210131073,-0.132004553,-0.002343347,0.084123557,0.30655983,-0.179385027,0.066054731
2013-11-01,-0.154529794,0.24985439,-0.189893663,-0.178084439,-0.004898265,-0.064934003,-0.216640598,-0.085898074
2013-12-01,0.03416075,0.257347117,-0.122245771,-0.139844488,0.111752925,0.134789596,-0.220169395,-0.01843188
2014-01-01,0.307042281,0.096111402,-0.18560387,-0.12953767,0.08087663,0.254133745,-0.31881656,-0.14913131
2014-02-01,-0.063908985,0.100565805,-0.377549845,-0.088244823,-0.093939521,0.137100143,-0.018146342,0.196998404
2014-03-01,-0.151912124,0.221655709,-0.228243084,-0.095353855,-0.042556503,0.07132373,-0.123189887,-0.0375773
2014-04-01,-0.037391378,0.156741251,-0.123397329,-0.031414684,0.092437913,0.241215228,-0.316162467,-0.059049055
2014-05-01,0.03709022,0.090481457,-0.28708393,-0.044214225,-0.023043969,0.157800959,-0.23523747,0.038624103
2014-06-01,-0.063712855,0.177260206,-0.188693904,-0.105690252,0.04954766,0.135646516,-0.302118709,-0.024845446
2014-07-01,-0.096857034,0.059474281,-0.180053172,-0.016915002,-0.030107949,0.130735225,-0.258590561,0.107387005
2014-08-01,0.160275861,-0.001694251,-0.268546133,-0.14896036,0.066256109,0.183962552,-0.209993264,-0.237839106
2014-09-01,0.035249404,0.126191013,-0.175932819,-0.174586057,0.057405261,0.095455398,-0.191323673,-0.209223536
2014-10-01,0.017842723,0.037040855,-0.273163258,-0.085889048,-0.023169423,0.234407545,-0.126799596,-0.184851177
2014-11-01,-0.093275087,0.101437317,-0.338317535,-0.131430373,-0.040779807,-0.078072683,-0.191932822,-0.169582081
2014-12-01,0.154927513,-0.129710252,-0.429121146,-0.054633918,0.098792009,0.215906254,-0.237732912,-0.064014988
2015-01-01,0.208148421,-0.169382075,-0.479720747,0.008846773,-0.073249379,0.066616604,-0.130566349,-0.197754584
2015-02-01,0.043732341,0.932853806,0.551955588,-0.208866654,0.295013635,0.399411279,-0.233715209,-0.202739342
2015-03-01,0.066984661,0.067155835,-0.205250479,-0.264420662,0.037841909,0.11912459,-0.033346932,-0.057777033
2015-04-01,0.087852982,0.003816172,-0.213281105,0.089253456,0.018071612,0.007193477,-0.27622151,-0.085669778
2015-05-01,0.00064705,0.400028267,0.218280352,-0.131769995,0.172796066,0.089696186,-0.006051513,-0.056100924
2015-06-01,0.089839993,-0.159596158,-0.156536665,-0.102622986,0.187309723,0.116325011,-0.165393333,-0.062306875
2015-07-01,-0.121051545,-0.068955266,-0.391891933,-0.082591691,0.019862575,0.161095877,-0.082016611,-0.074008113
2015-08-01,0.209995337,-0.005530879,-0.254313005,-0.110102499,0.034538246,0.066560584,0.040282583,-0.115977069
2015-09-01,0.25497099,-0.173096781,-0.283466538,-0.0929428,0.122829404,0.248528272,-0.033406799,-0.10765306
2015-10-01,-0.00154939,0.459366294,0.049181561,0.028857783,0.102481948,0.054094263,-0.219987075,0.027283161
2015-11-01,0.140984858,0.122327063,-0.094971654,-0.15519328,0.214638078,-0.015534492,-0.10254639,-0.261345168
2015-12-01,0.137752392,-0.09893202,-0.318694201,-0.075667648,0.041915409,0.000593878,-0.148655292,0.080283631
2016-01-01,-0.065714943,0.100236339,-0.226268501,-0.165250013,0.078588277,0.352023712,0.183945911,-0.21405924
2016-02-01,0.224414435,0.086501671,-0.176134668,0.073719055,0.043839943,0.025179543,0.018847113,-0.02158855
2016-03-01,0.076806361,0.58094811,0.273575,0.03924544,0.217543695,0.064675321,-0.262399236,0.042000863
2016-04-01,0.099032989,0.228146842,-0.039168284,0.110402011,0.007561556,0.038722436,-0.125411963,0.018777641
2016-05-01,0.132390452,-0.003501242,-0.211759686,-0.085231281,0.114364227,0.072321982,-0.224791288,-0.093112373
2016-06-01,-0.020851402,0.19295434,-0.127414317,0.002570101,-0.033609431,0.053164043,0.034945721,-4.77E-05
2016-07-01,-0.007258048,-0.125406148,-0.398958435,0.026087273,-0.068557224,-0.071328784,-0.184385495,-0.198071112
2016-08-01,0.153632951,0.149607172,0.039895771,-0.035850238,0.134462282,0.148118873,-0.09215362,0.037327415
2016-09-01,-0.037277897,0.200573858,-0.023935386,-0.151315339,0.068789985,0.08856225,-0.055611054,-0.101986105
2016-10-01,0.012277381,0.055940588,-0.076748973,-0.15438438,0.079479067,0.042603622,-0.054208879,-0.106483632
2016-11-01,0.114799557,-0.192298099,-0.288891212,-0.222826521,0.201442707,0.132475696,-0.263506391,0.00135913
2016-12-01,-0.255925477,0.364182669,0.055318612,-0.233993936,0.086446911,-0.190293282,-0.071101751,-0.145050607
2017-01-01,0.061878298,0.087801696,-0.029823704,0.056540501,0.111321327,0.232181652,-0.17411915,0.128714391
2017-02-01,0.111445436,-0.181633225,-0.332055622,0.033316438,0.073158481,0.076115865,-0.317801211,0.081275456
2017-03-01,-0.025732843,-0.063123394,-0.240841537,-0.12880107,0.069018535,0.008662964,-0.114839537,-0.059751155
2017-04-01,-0.187340836,0.335915583,0.032592813,-0.037087512,0.042103056,0.193306363,-0.079519506,0.059468155
2017-05-01,0.140565066,-0.162219568,-0.397777773,-0.071748139,-0.037651948,-0.057505646,-0.10896434,0.104699947
2017-06-01,-0.135306656,0.195115202,0.061416992,0.037242852,0.110904938,0.165199014,-0.299895456,0.088151929
2017-07-01,0.119818229,0.049609261,-0.052486527,-0.041648085,0.048193268,0.046139777,-0.118561876,0.077930398
2017-08-01,0.061366925,0.269474149,0.171192061,-0.033218941,0.075504727,0.213560742,-0.157047825,0.077762079
2017-09-01,-0.060480874,0.288706733,0.091658377,-0.034651975,0.012172275,0.016401359,-0.206664831,0.063171661
2017-10-01,-0.202512198,-0.290359065,-0.533742974,-0.102301169,-0.019791451,-0.048989593,-0.191504699,-0.014914083
2017-11-01,-0.057490593,0.201952316,0.104324322,-0.120066459,0.105903177,0.163844593,-0.071539635,0.047143544
2017-12-01,-0.040317077,-0.082526008,-0.211317798,-0.038293756,0.050327299,0.005488205,-0.254314556,0.04968067
2018-01-01,-0.006322616,0.292751176,0.138918459,-0.021005643,0.173781912,0.037112564,-0.273514128,0.219690274
2018-02-01,-0.152816131,-0.179423071,-0.172094654,-0.158590223,0.092313295,0.233671242,-0.079632198,0.032701067
2018-03-01,-0.069533486,-0.136318813,-0.248474937,-0.09438858,0.126035862,0.071544455,-0.128853968,-0.031728389
2018-04-01,-0.116644933,0.21814844,0.015146733,-0.194205598,0.101560303,0.152063349,0.062146701,0.038385909
2018-05-01,0.103168412,-0.081584752,-0.034037006,-0.088413856,0.234562517,0.119942303,-0.398983752,-0.294674959
2018-06-01,-0.063179642,-0.013938995,-0.229312642,-0.085613406,-0.004529378,0.079568722,-0.050740322,0.128583252
2018-07-01,-0.073937508,0.046864736,-0.178800059,-0.092730934,0.001717046,0.000297561,-0.131161354,-0.062743536
2018-08-01,-0.06730624,0.027395018,-0.098658335,-0.050125285,0.064350431,0.178203096,-0.212698588,0.09183648
2018-09-01,-0.055161786,0.150520952,-0.040073961,-0.107373503,0.109484083,0.015248876,-0.158502495,0.058357659
2018-10-01,0.029543328,0.030322686,0.059637295,-0.25898713,0.103850184,0.224863601,-0.001138146,-0.085458471
2018-11-01,0.049534604,-0.31758326,-0.414158694,-0.136977467,0.021884171,0.116890292,-0.07353801,-0.077915113
2018-12-01,0.169944504,-0.086018894,-0.15966459,-0.06821118,-0.044140531,0.361973409,0.031811056,0.022064993
2019-01-01,0.098573731,0.067059872,0.077308073,0.024601843,0.031655188,0.169197081,-0.186359276,-0.035304686
2019-02-01,0.156667281,0.337808749,0.165842968,-0.019521389,0.06334715,-0.001555564,-0.233854532,0.007978819
2019-03-01,-0.037717397,0.2525071,0.055415482,-0.046783612,-0.002526915,0.026317109,-0.094947515,0.012644682
2019-04-01,0.216885356,0.062654992,0.075304137,0.021386393,0.060322354,0.00850237,-0.332112087,-0.158604536
2019-05-01,0.158318165,-0.303117558,-0.384747546,-0.028138956,-0.130703468,0.032196943,-0.015887375,0.016339457
2019-06-01,0.10203753,0.045344126,-0.083589755,0.152597861,-0.145335851,0.10893472,-0.059585883,0.069399241
2019-07-01,0.069630593,0.200916244,0.240540233,0.02437105,0.002632297,0.048284788,-0.250892085,-0.132468803
2019-08-01,0.051289074,-0.143377512,-0.166101359,0.126512778,-0.204932616,0.14111938,0.148528824,0.006584229
2019-09-01,0.114640445,0.12824358,0.095046054,-0.029508049,0.036846904,-0.064106123,-0.215127797,-0.106745828
2019-10-01,0.158632413,0.057063221,0.161430727,0.070933012,0.056005818,0.155401568,-0.074135192,-0.01048388
2019-11-01,-0.112517567,0.001974177,-0.116762018,0.039676879,-0.00505862,-0.041121491,-0.05058457,0.042341479
2019-12-01,0.109975209,-0.08292416,0.005265304,0.078931556,0.094269857,-0.029629611,-0.150801765,0.01626192
2020-01-01,-0.020044406,0.049725952,0.006275416,0.154129641,0.03350318,-0.144364397,-0.180826561,-0.050316088
2020-02-01,0.037994756,-0.191480677,-0.138101531,0.067670664,-0.043855845,0.059619758,-0.090922472,-0.035149428
2020-03-01,2.458862997,-0.909728559,-0.054762449,0.070801464,0.479562687,1.209598387,0.581343041,-0.156414018
2020-04-01,5.748676188,-0.731456796,0.783418084,0.124425687,1.455016413,-0.184539361,-0.618042554,0.214247519
2020-05-01,-2.258117708,1.657123683,0.086861754,0.17111213,-0.507579957,-0.43300498,0.386572988,-1.170323897
2020-06-01,-2.583922103,1.153945884,-0.43009998,-0.054946376,-0.899849889,-0.714662296,0.735762835,-0.245277091
2020-07-01,-1.224895588,0.218509262,-0.422390461,0.140863797,-0.435219536,-0.153715308,0.301389717,0.209633932
2020-08-01,-0.816986896,0.070952188,-0.264346901,0.181468112,-0.143024447,-0.059423319,-0.106685397,-0.323243198
2020-09-01,-0.179529353,-0.111368497,-0.154143949,0.049149906,0.053707038,0.132674263,-0.199392052,-0.020370111
2020-10-01,-0.468451432,-0.039273007,-0.219207065,0.042436991,0.037797312,0.115989654,-0.232454352,-0.046724195
2020-11-01,-0.143262629,0.03405321,-0.033177094,0.087574532,0.113418553,0.136612709,-0.078307142,0.157224421
2020-12-01,-0.131756391,0.156491696,0.140222186,0.115695349,0.138494881,0.0098715,-0.128959775,0.208579728
2021-01-01,-0.435128132,0.140641927,-0.0850337,0.111774254,-0.009960359,-0.189912998,0.053436313,0.024090247
2021-02-01,0.467220219,-0.039600812,0.193599069,-0.000622515,0.303632848,0.017007229,-0.213553776,-0.100749805